aimag,soum,lat,lon,year,month,avg_temp,min_temp,wind_speed,snowfall_sum,precip_sum,avg_temp_lag1,min_temp_lag1,wind_speed_lag1,snowfall_sum_lag1,precip_sum_lag1,avg_temp_lag2,min_temp_lag2,wind_speed_lag2,snowfall_sum_lag2,precip_sum_lag2,is_winter,cold_index,snow_cumulative,precip_deficit,extreme_cold,extreme_wind,heavy_snow,total_livestock,livestock_change_pct,target_dzud
Ömnögovi,Bayandalai,43.092427,103.265263,2016,1,-17.465,-30.4,7.374,0.49,0.0,-11.784,-22.8,7.613,0.91,0.5,-4.96,-20.1,8.4,2.59,2.7,1,-34.086999999999996,0.49,20.0,1,0,0,2314.0,12.559587508512493,0.0
Ömnögovi,Bayandalai,43.092427,103.265263,2016,2,-10.914,-26.1,9.121,0.0,0.0,-17.465,-30.4,7.374,0.49,0.0,-11.784,-22.8,7.613,0.91,0.5,1,-30.660500000000003,0.49,20.0,1,0,0,2314.0,12.559587508512493,0.0
Ömnögovi,Bayandalai,43.092427,103.265263,2016,3,-0.587,-21.6,13.371,0.0,2.3,-10.914,-26.1,9.121,0.0,0.0,-17.465,-30.4,7.374,0.49,0.0,1,-28.285500000000003,0.49,17.7,0,0,0,2314.0,12.559587508512493,0.0
Ömnögovi,Bayandalai,43.092427,103.265263,2016,4,7.957,-7.7,14.423,0.0,0.0,-0.587,-21.6,13.371,0.0,2.3,-10.914,-26.1,9.121,0.0,0.0,0,-14.9115,0.49,20.0,0,0,0,2314.0,12.559587508512493,0.0
Ömnögovi,Bayandalai,43.092427,103.265263,2016,5,11.681,-5.8,14.968,0.0,2.7,7.957,-7.7,14.423,0.0,0.0,-0.587,-21.6,13.371,0.0,2.3,0,-13.283999999999999,0.49,17.3,0,0,0,2314.0,12.559587508512493,0.0
Ömnögovi,Bayandalai,43.092427,103.265263,2016,6,16.657,3.9,14.39,0.0,26.7,11.681,-5.8,14.968,0.0,2.7,7.957,-7.7,14.423,0.0,0.0,0,-3.2950000000000004,0.49,-6.699999999999999,0,0,0,2314.0,12.559587508512493,0.0
Ömnögovi,Bayandalai,43.092427,103.265263,2016,7,23.019,9.4,12.565,0.0,8.0,16.657,3.9,14.39,0.0,26.7,11.681,-5.8,14.968,0.0,2.7,0,3.1175000000000006,0.49,12.0,0,0,0,2314.0,12.559587508512493,0.0
Ömnögovi,Bayandalai,43.092427,103.265263,2016,8,22.303,6.3,12.342,0.0,6.4,23.019,9.4,12.565,0.0,8.0,16.657,3.9,14.39,0.0,26.7,0,0.12899999999999956,0.49,13.6,0,0,0,2314.0,12.559587508512493,0.0
Ömnögovi,Bayandalai,43.092427,103.265263,2016,9,14.523,-2.8,11.187,0.0,5.8,22.303,6.3,12.342,0.0,6.4,23.019,9.4,12.565,0.0,8.0,0,-8.3935,0.49,14.2,0,0,0,2314.0,12.559587508512493,0.0
Ömnögovi,Bayandalai,43.092427,103.265263,2016,10,3.648,-15.6,11.868,0.21,1.9,14.523,-2.8,11.187,0.0,5.8,22.303,6.3,12.342,0.0,6.4,0,-21.534,0.7,18.1,0,0,0,2314.0,12.559587508512493,0.0
Ömnögovi,Bayandalai,43.092427,103.265263,2016,11,-5.967,-22.5,10.63,0.35,0.5,3.648,-15.6,11.868,0.21,1.9,14.523,-2.8,11.187,0.0,5.8,1,-27.815,1.0499999999999998,19.5,0,0,0,2314.0,12.559587508512493,0.0
Ömnögovi,Bayandalai,43.092427,103.265263,2016,12,-10.639,-24.3,7.135,0.56,0.1,-5.967,-22.5,10.63,0.35,0.5,3.648,-15.6,11.868,0.21,1.9,1,-27.8675,1.6099999999999999,19.9,0,0,0,2314.0,12.559587508512493,0.0
Ömnögovi,Bayandalai,43.092427,103.265263,2017,1,-13.958,-27.9,7.729,0.77,1.1,-10.639,-24.3,7.135,0.56,0.1,-5.967,-22.5,10.63,0.35,0.5,1,-31.764499999999998,0.77,18.9,1,0,0,2654.4,14.710458081244603,0.0
Ömnögovi,Bayandalai,43.092427,103.265263,2017,2,-8.061,-21.5,8.246,2.52,3.6,-13.958,-27.9,7.729,0.77,1.1,-10.639,-24.3,7.135,0.56,0.1,1,-25.623,3.29,16.4,0,0,0,2654.4,14.710458081244603,0.0
Ömnögovi,Bayandalai,43.092427,103.265263,2017,3,-3.261,-16.2,10.768,8.05,16.9,-8.061,-21.5,8.246,2.52,3.6,-13.958,-27.9,7.729,0.77,1.1,1,-21.584,11.34,3.1000000000000014,0,0,0,2654.4,14.710458081244603,0.0
Ömnögovi,Bayandalai,43.092427,103.265263,2017,4,7.023,-4.7,12.033,0.07,0.7,-3.261,-16.2,10.768,8.05,16.9,-8.061,-21.5,8.246,2.52,3.6,0,-10.7165,11.41,19.3,0,0,0,2654.4,14.710458081244603,0.0
Ömnögovi,Bayandalai,43.092427,103.265263,2017,5,14.365,-7.4,14.155,0.91,5.3,7.023,-4.7,12.033,0.07,0.7,-3.261,-16.2,10.768,8.05,16.9,0,-14.4775,12.32,14.7,0,0,0,2654.4,14.710458081244603,0.0
Ömnögovi,Bayandalai,43.092427,103.265263,2017,6,19.8,7.4,12.477,0.0,7.1,14.365,-7.4,14.155,0.91,5.3,7.023,-4.7,12.033,0.07,0.7,0,1.1615000000000002,12.32,12.9,0,0,0,2654.4,14.710458081244603,0.0
Ömnögovi,Bayandalai,43.092427,103.265263,2017,7,22.71,9.5,11.89,0.0,14.1,19.8,7.4,12.477,0.0,7.1,14.365,-7.4,14.155,0.91,5.3,0,3.5549999999999997,12.32,5.9,0,0,0,2654.4,14.710458081244603,0.0
Ömnögovi,Bayandalai,43.092427,103.265263,2017,8,18.858,4.2,11.577,0.0,8.5,22.71,9.5,11.89,0.0,14.1,19.8,7.4,12.477,0.0,7.1,0,-1.5884999999999998,12.32,11.5,0,0,0,2654.4,14.710458081244603,0.0
Ömnögovi,Bayandalai,43.092427,103.265263,2017,9,13.783,-3.9,11.997,0.0,4.5,18.858,4.2,11.577,0.0,8.5,22.71,9.5,11.89,0.0,14.1,0,-9.8985,12.32,15.5,0,0,0,2654.4,14.710458081244603,0.0
Ömnögovi,Bayandalai,43.092427,103.265263,2017,10,3.355,-12.8,9.3,1.33,2.0,13.783,-3.9,11.997,0.0,4.5,18.858,4.2,11.577,0.0,8.5,0,-17.450000000000003,13.65,18.0,0,0,0,2654.4,14.710458081244603,0.0
Ömnögovi,Bayandalai,43.092427,103.265263,2017,11,-6.657,-19.6,10.26,0.0,0.0,3.355,-12.8,9.3,1.33,2.0,13.783,-3.9,11.997,0.0,4.5,1,-24.73,13.65,20.0,0,0,0,2654.4,14.710458081244603,0.0
Ömnögovi,Bayandalai,43.092427,103.265263,2017,12,-12.197,-23.1,7.177,0.0,0.0,-6.657,-19.6,10.26,0.0,0.0,3.355,-12.8,9.3,1.33,2.0,1,-26.6885,13.65,20.0,0,0,0,2654.4,14.710458081244603,0.0
Ömnögovi,Bayandalai,43.092427,103.265263,2018,1,-17.581,-31.5,8.639,2.17,3.1,-12.197,-23.1,7.177,0.0,0.0,-6.657,-19.6,10.26,0.0,0.0,1,-35.8195,2.17,16.9,1,0,0,2598.4,-2.1097046413502074,0.0
Ömnögovi,Bayandalai,43.092427,103.265263,2018,2,-11.65,-27.1,9.457,0.07,0.1,-17.581,-31.5,8.639,2.17,3.1,-12.197,-23.1,7.177,0.0,0.0,1,-31.828500000000002,2.2399999999999998,19.9,1,0,0,2598.4,-2.1097046413502074,0.0
Ömnögovi,Bayandalai,43.092427,103.265263,2018,3,2.635,-12.5,12.561,2.17,3.1,-11.65,-27.1,9.457,0.07,0.1,-17.581,-31.5,8.639,2.17,3.1,1,-18.7805,4.41,16.9,0,0,0,2598.4,-2.1097046413502074,0.0
Ömnögovi,Bayandalai,43.092427,103.265263,2018,4,7.747,-14.0,13.683,0.63,6.9,2.635,-12.5,12.561,2.17,3.1,-11.65,-27.1,9.457,0.07,0.1,0,-20.8415,5.04,13.1,0,0,0,2598.4,-2.1097046413502074,0.0
Ömnögovi,Bayandalai,43.092427,103.265263,2018,5,14.132,-0.7,13.271,0.21,7.8,7.747,-14.0,13.683,0.63,6.9,2.635,-12.5,12.561,2.17,3.1,0,-7.335500000000001,5.25,12.2,0,0,0,2598.4,-2.1097046413502074,0.0
Ömnögovi,Bayandalai,43.092427,103.265263,2018,6,20.197,3.9,12.583,0.0,7.3,14.132,-0.7,13.271,0.21,7.8,7.747,-14.0,13.683,0.63,6.9,0,-2.3915,5.25,12.7,0,0,0,2598.4,-2.1097046413502074,0.0
Ömnögovi,Bayandalai,43.092427,103.265263,2018,7,21.032,10.6,12.297,0.0,58.9,20.197,3.9,12.583,0.0,7.3,14.132,-0.7,13.271,0.21,7.8,0,4.451499999999999,5.25,-38.9,0,0,0,2598.4,-2.1097046413502074,0.0
Ömnögovi,Bayandalai,43.092427,103.265263,2018,8,19.21,8.2,10.01,0.0,44.8,21.032,10.6,12.297,0.0,58.9,20.197,3.9,12.583,0.0,7.3,0,3.1949999999999994,5.25,-24.799999999999997,0,0,0,2598.4,-2.1097046413502074,0.0
Ömnögovi,Bayandalai,43.092427,103.265263,2018,9,10.097,-3.4,12.587,0.0,15.8,19.21,8.2,10.01,0.0,44.8,21.032,10.6,12.297,0.0,58.9,0,-9.6935,5.25,4.199999999999999,0,0,0,2598.4,-2.1097046413502074,0.0
Ömnögovi,Bayandalai,43.092427,103.265263,2018,10,2.884,-8.4,10.597,0.0,0.0,10.097,-3.4,12.587,0.0,15.8,19.21,8.2,10.01,0.0,44.8,0,-13.6985,5.25,20.0,0,0,0,2598.4,-2.1097046413502074,0.0
Ömnögovi,Bayandalai,43.092427,103.265263,2018,11,-6.837,-17.7,9.04,1.05,1.5,2.884,-8.4,10.597,0.0,0.0,10.097,-3.4,12.587,0.0,15.8,1,-22.22,6.3,18.5,0,0,0,2598.4,-2.1097046413502074,0.0
Ömnögovi,Bayandalai,43.092427,103.265263,2018,12,-17.835,-29.1,8.171,0.84,1.2,-6.837,-17.7,9.04,1.05,1.5,2.884,-8.4,10.597,0.0,0.0,1,-33.185500000000005,7.14,18.8,1,0,0,2598.4,-2.1097046413502074,0.0
Ömnögovi,Bayandalai,43.092427,103.265263,2019,1,-14.894,-27.0,6.977,0.0,0.0,-17.835,-29.1,8.171,0.84,1.2,-6.837,-17.7,9.04,1.05,1.5,1,-30.488500000000002,0.0,20.0,1,0,0,3000.3,15.467210591133007,0.0
Ömnögovi,Bayandalai,43.092427,103.265263,2019,2,-13.875,-28.0,8.336,3.36,4.7,-14.894,-27.0,6.977,0.0,0.0,-17.835,-29.1,8.171,0.84,1.2,1,-32.168,3.36,15.3,1,0,0,3000.3,15.467210591133007,0.0
Ömnögovi,Bayandalai,43.092427,103.265263,2019,3,-1.632,-13.0,10.39,3.29,4.7,-13.875,-28.0,8.336,3.36,4.7,-14.894,-27.0,6.977,0.0,0.0,1,-18.195,6.65,15.3,0,0,0,3000.3,15.467210591133007,0.0
Ömnögovi,Bayandalai,43.092427,103.265263,2019,4,8.517,-4.5,12.557,1.82,4.3,-1.632,-13.0,10.39,3.29,4.7,-13.875,-28.0,8.336,3.36,4.7,0,-10.778500000000001,8.47,15.7,0,0,0,3000.3,15.467210591133007,0.0
Ömnögovi,Bayandalai,43.092427,103.265263,2019,5,10.781,-6.0,14.126,2.17,17.4,8.517,-4.5,12.557,1.82,4.3,-1.632,-13.0,10.39,3.29,4.7,0,-13.062999999999999,10.64,2.6000000000000014,0,0,0,3000.3,15.467210591133007,0.0
Ömnögovi,Bayandalai,43.092427,103.265263,2019,6,18.767,8.2,13.917,0.0,41.8,10.781,-6.0,14.126,2.17,17.4,8.517,-4.5,12.557,1.82,4.3,0,1.2414999999999994,10.64,-21.799999999999997,0,0,0,3000.3,15.467210591133007,0.0
Ömnögovi,Bayandalai,43.092427,103.265263,2019,7,20.89,11.1,12.084,0.0,19.4,18.767,8.2,13.917,0.0,41.8,10.781,-6.0,14.126,2.17,17.4,0,5.058,10.64,0.6000000000000014,0,0,0,3000.3,15.467210591133007,0.0
Ömnögovi,Bayandalai,43.092427,103.265263,2019,8,18.874,9.1,10.545,0.0,18.9,20.89,11.1,12.084,0.0,19.4,18.767,8.2,13.917,0.0,41.8,0,3.8274999999999997,10.64,1.1000000000000014,0,0,0,3000.3,15.467210591133007,0.0
Ömnögovi,Bayandalai,43.092427,103.265263,2019,9,15.943,3.5,10.563,0.0,6.6,18.874,9.1,10.545,0.0,18.9,20.89,11.1,12.084,0.0,19.4,0,-1.7815000000000003,10.64,13.4,0,0,0,3000.3,15.467210591133007,0.0
Ömnögovi,Bayandalai,43.092427,103.265263,2019,10,2.955,-12.5,9.684,6.16,9.7,15.943,3.5,10.563,0.0,6.6,18.874,9.1,10.545,0.0,18.9,0,-17.342,16.8,10.3,0,0,0,3000.3,15.467210591133007,0.0
Ömnögovi,Bayandalai,43.092427,103.265263,2019,11,-5.71,-19.4,9.783,0.0,0.0,2.955,-12.5,9.684,6.16,9.7,15.943,3.5,10.563,0.0,6.6,1,-24.2915,16.8,20.0,0,0,0,3000.3,15.467210591133007,0.0
Ömnögovi,Bayandalai,43.092427,103.265263,2019,12,-12.358,-24.3,8.358,0.14,0.2,-5.71,-19.4,9.783,0.0,0.0,2.955,-12.5,9.684,6.16,9.7,1,-28.479,16.94,19.8,0,0,0,3000.3,15.467210591133007,0.0
Ömnögovi,Bayandalai,43.092427,103.265263,2020,1,-11.816,-21.3,6.845,0.42,0.6,-12.358,-24.3,8.358,0.14,0.2,-5.71,-19.4,9.783,0.0,0.0,1,-24.7225,0.42,19.4,0,0,0,2880.8,-3.9829350398293495,0.0
Ömnögovi,Bayandalai,43.092427,103.265263,2020,2,-7.862,-21.2,9.483,3.36,4.7,-11.816,-21.3,6.845,0.42,0.6,-12.358,-24.3,8.358,0.14,0.2,1,-25.941499999999998,3.78,15.3,0,0,0,2880.8,-3.9829350398293495,0.0
Ömnögovi,Bayandalai,43.092427,103.265263,2020,3,-1.516,-15.3,11.4,1.89,2.9,-7.862,-21.2,9.483,3.36,4.7,-11.816,-21.3,6.845,0.42,0.6,1,-21.0,5.67,17.1,0,0,0,2880.8,-3.9829350398293495,0.0
Ömnögovi,Bayandalai,43.092427,103.265263,2020,4,7.27,-8.8,10.803,0.21,1.4,-1.516,-15.3,11.4,1.89,2.9,-7.862,-21.2,9.483,3.36,4.7,0,-14.201500000000001,5.88,18.6,0,0,0,2880.8,-3.9829350398293495,0.0
Ömnögovi,Bayandalai,43.092427,103.265263,2020,5,12.69,1.2,14.132,0.07,14.6,7.27,-8.8,10.803,0.21,1.4,-1.516,-15.3,11.4,1.89,2.9,0,-5.866,5.949999999999999,5.4,0,0,0,2880.8,-3.9829350398293495,0.0
Ömnögovi,Bayandalai,43.092427,103.265263,2020,6,19.23,6.3,13.183,0.0,3.0,12.69,1.2,14.132,0.07,14.6,7.27,-8.8,10.803,0.21,1.4,0,-0.2915000000000001,5.949999999999999,17.0,0,0,0,2880.8,-3.9829350398293495,0.0
Ömnögovi,Bayandalai,43.092427,103.265263,2020,7,21.658,8.6,12.132,0.0,6.3,19.23,6.3,13.183,0.0,3.0,12.69,1.2,14.132,0.07,14.6,0,2.534,5.949999999999999,13.7,0,0,0,2880.8,-3.9829350398293495,1.0
Ömnögovi,Bayandalai,43.092427,103.265263,2020,8,18.945,8.0,12.768,0.0,23.4,21.658,8.6,12.132,0.0,6.3,19.23,6.3,13.183,0.0,3.0,0,1.6159999999999997,5.949999999999999,-3.3999999999999986,0,0,0,2880.8,-3.9829350398293495,1.0
Ömnögovi,Bayandalai,43.092427,103.265263,2020,9,13.74,1.1,11.72,0.0,10.9,18.945,8.0,12.768,0.0,23.4,21.658,8.6,12.132,0.0,6.3,0,-4.76,5.949999999999999,9.1,0,0,0,2880.8,-3.9829350398293495,1.0
Ömnögovi,Bayandalai,43.092427,103.265263,2020,10,1.416,-7.7,10.639,0.42,0.8,13.74,1.1,11.72,0.0,10.9,18.945,8.0,12.768,0.0,23.4,0,-13.0195,6.369999999999999,19.2,0,0,0,2880.8,-3.9829350398293495,1.0
Ömnögovi,Bayandalai,43.092427,103.265263,2020,11,-5.57,-21.0,8.14,4.9,6.9,1.416,-7.7,10.639,0.42,0.8,13.74,1.1,11.72,0.0,10.9,1,-25.07,11.27,13.1,0,0,0,2880.8,-3.9829350398293495,1.0
Ömnögovi,Bayandalai,43.092427,103.265263,2020,12,-17.865,-28.4,7.123,0.91,1.4,-5.57,-21.0,8.14,4.9,6.9,1.416,-7.7,10.639,0.42,0.8,1,-31.961499999999997,12.18,18.6,1,0,0,2880.8,-3.9829350398293495,1.0
Ömnögovi,Bayandalai,43.092427,103.265263,2021,1,-15.0,-32.9,10.665,0.07,0.0,-17.865,-28.4,7.123,0.91,1.4,-5.57,-21.0,8.14,4.9,6.9,1,-38.2325,0.07,20.0,1,0,0,2513.8,-12.739516800888639,1.0
Ömnögovi,Bayandalai,43.092427,103.265263,2021,2,-5.329,-22.5,10.268,1.33,1.9,-15.0,-32.9,10.665,0.07,0.0,-17.865,-28.4,7.123,0.91,1.4,1,-27.634,1.4000000000000001,18.1,0,0,0,2513.8,-12.739516800888639,1.0
Ömnögovi,Bayandalai,43.092427,103.265263,2021,3,0.506,-13.8,11.3,0.14,0.2,-5.329,-22.5,10.268,1.33,1.9,-15.0,-32.9,10.665,0.07,0.0,1,-19.450000000000003,1.54,19.8,0,0,0,2513.8,-12.739516800888639,1.0
Ömnögovi,Bayandalai,43.092427,103.265263,2021,4,5.937,-7.3,14.027,0.77,14.0,0.506,-13.8,11.3,0.14,0.2,-5.329,-22.5,10.268,1.33,1.9,0,-14.3135,2.31,6.0,0,0,0,2513.8,-12.739516800888639,1.0
Ömnögovi,Bayandalai,43.092427,103.265263,2021,5,12.365,-3.3,16.39,0.0,5.5,5.937,-7.3,14.027,0.77,14.0,0.506,-13.8,11.3,0.14,0.2,0,-11.495000000000001,2.31,14.5,0,0,0,2513.8,-12.739516800888639,1.0
Ömnögovi,Bayandalai,43.092427,103.265263,2021,6,18.23,-0.7,13.177,0.0,9.6,12.365,-3.3,16.39,0.0,5.5,5.937,-7.3,14.027,0.77,14.0,0,-7.2885,2.31,10.4,0,0,0,2513.8,-12.739516800888639,1.0
Ömnögovi,Bayandalai,43.092427,103.265263,2021,7,21.294,9.0,12.323,0.0,27.4,18.23,-0.7,13.177,0.0,9.6,12.365,-3.3,16.39,0.0,5.5,0,2.8385,2.31,-7.399999999999999,0,0,0,2513.8,-12.739516800888639,0.0
Ömnögovi,Bayandalai,43.092427,103.265263,2021,8,17.935,4.1,13.535,0.0,4.7,21.294,9.0,12.323,0.0,27.4,18.23,-0.7,13.177,0.0,9.6,0,-2.6675000000000004,2.31,15.3,0,0,0,2513.8,-12.739516800888639,0.0
Ömnögovi,Bayandalai,43.092427,103.265263,2021,9,14.613,1.2,11.333,0.0,9.2,17.935,4.1,13.535,0.0,4.7,21.294,9.0,12.323,0.0,27.4,0,-4.4665,2.31,10.8,0,0,0,2513.8,-12.739516800888639,0.0
Ömnögovi,Bayandalai,43.092427,103.265263,2021,10,2.913,-6.9,9.103,0.0,3.7,14.613,1.2,11.333,0.0,9.2,17.935,4.1,13.535,0.0,4.7,0,-11.4515,2.31,16.3,0,0,0,2513.8,-12.739516800888639,0.0
Ömnögovi,Bayandalai,43.092427,103.265263,2021,11,-6.497,-20.7,9.257,2.94,4.1,2.913,-6.9,9.103,0.0,3.7,14.613,1.2,11.333,0.0,9.2,1,-25.3285,5.25,15.9,0,0,0,2513.8,-12.739516800888639,0.0
Ömnögovi,Bayandalai,43.092427,103.265263,2021,12,-12.594,-23.9,7.374,0.35,0.5,-6.497,-20.7,9.257,2.94,4.1,2.913,-6.9,9.103,0.0,3.7,1,-27.587,5.6,19.5,0,0,0,2513.8,-12.739516800888639,0.0
Ömnögovi,Bayandalai,43.092427,103.265263,2022,1,-12.713,-21.4,6.761,0.56,0.9,-12.594,-23.9,7.374,0.35,0.5,-6.497,-20.7,9.257,2.94,4.1,1,-24.7805,0.56,19.1,0,0,0,2637.3,4.912880897446104,0.0
Ömnögovi,Bayandalai,43.092427,103.265263,2022,2,-12.414,-23.9,7.704,2.73,3.9,-12.713,-21.4,6.761,0.56,0.9,-12.594,-23.9,7.374,0.35,0.5,1,-27.752,3.29,16.1,0,0,0,2637.3,4.912880897446104,0.0
Ömnögovi,Bayandalai,43.092427,103.265263,2022,3,-0.584,-15.3,13.242,1.05,1.7,-12.414,-23.9,7.704,2.73,3.9,-12.713,-21.4,6.761,0.56,0.9,1,-21.921,4.34,18.3,0,0,0,2637.3,4.912880897446104,0.0
Ömnögovi,Bayandalai,43.092427,103.265263,2022,4,6.33,-5.8,15.387,5.95,10.2,-0.584,-15.3,13.242,1.05,1.7,-12.414,-23.9,7.704,2.73,3.9,0,-13.493500000000001,10.29,9.8,0,0,0,2637.3,4.912880897446104,0.0
Ömnögovi,Bayandalai,43.092427,103.265263,2022,5,13.894,-3.4,14.419,0.28,6.9,6.33,-5.8,15.387,5.95,10.2,-0.584,-15.3,13.242,1.05,1.7,0,-10.6095,10.57,13.1,0,0,0,2637.3,4.912880897446104,0.0
Ömnögovi,Bayandalai,43.092427,103.265263,2022,6,20.51,4.8,13.14,0.0,12.1,13.894,-3.4,14.419,0.28,6.9,6.33,-5.8,15.387,5.95,10.2,0,-1.7700000000000005,10.57,7.9,0,0,0,2637.3,4.912880897446104,0.0
Ömnögovi,Bayandalai,43.092427,103.265263,2022,7,21.316,8.5,13.006,0.0,18.0,20.51,4.8,13.14,0.0,12.1,13.894,-3.4,14.419,0.28,6.9,0,1.9969999999999999,10.57,2.0,0,0,0,2637.3,4.912880897446104,1.0
Ömnögovi,Bayandalai,43.092427,103.265263,2022,8,21.016,6.4,12.245,0.0,8.2,21.316,8.5,13.006,0.0,18.0,20.51,4.8,13.14,0.0,12.1,0,0.27750000000000075,10.57,11.8,0,0,0,2637.3,4.912880897446104,1.0
Ömnögovi,Bayandalai,43.092427,103.265263,2022,9,15.153,1.2,11.213,0.0,28.5,21.016,6.4,12.245,0.0,8.2,21.316,8.5,13.006,0.0,18.0,0,-4.406499999999999,10.57,-8.5,0,0,0,2637.3,4.912880897446104,1.0
Ömnögovi,Bayandalai,43.092427,103.265263,2022,10,3.058,-9.1,10.745,0.0,3.4,15.153,1.2,11.213,0.0,28.5,21.016,6.4,12.245,0.0,8.2,0,-14.4725,10.57,16.6,0,0,0,2637.3,4.912880897446104,1.0
Ömnögovi,Bayandalai,43.092427,103.265263,2022,11,-5.483,-27.4,9.217,3.57,5.1,3.058,-9.1,10.745,0.0,3.4,15.153,1.2,11.213,0.0,28.5,1,-32.0085,14.14,14.9,1,0,0,2637.3,4.912880897446104,1.0
Ömnögovi,Bayandalai,43.092427,103.265263,2022,12,-16.01,-24.5,7.884,0.35,0.5,-5.483,-27.4,9.217,3.57,5.1,3.058,-9.1,10.745,0.0,3.4,1,-28.442,14.49,19.5,0,0,0,2637.3,4.912880897446104,1.0
Ömnögovi,Bayandalai,43.092427,103.265263,2023,1,-15.135,-30.2,8.735,1.33,1.9,-16.01,-24.5,7.884,0.35,0.5,-5.483,-27.4,9.217,3.57,5.1,1,-34.567499999999995,1.33,18.1,1,0,0,2042.0,-22.57232775945096,1.0
Ömnögovi,Bayandalai,43.092427,103.265263,2023,2,-7.532,-19.0,7.618,2.45,3.5,-15.135,-30.2,8.735,1.33,1.9,-16.01,-24.5,7.884,0.35,0.5,1,-22.809,3.7800000000000002,16.5,0,0,0,2042.0,-22.57232775945096,1.0
Ömnögovi,Bayandalai,43.092427,103.265263,2023,3,-0.068,-13.1,11.429,0.07,0.2,-7.532,-19.0,7.618,2.45,3.5,-15.135,-30.2,8.735,1.33,1.9,1,-18.8145,3.85,19.8,0,0,0,2042.0,-22.57232775945096,1.0
Ömnögovi,Bayandalai,43.092427,103.265263,2023,4,4.433,-8.7,14.513,2.45,5.8,-0.068,-13.1,11.429,0.07,0.2,-7.532,-19.0,7.618,2.45,3.5,0,-15.956499999999998,6.300000000000001,14.2,0,0,0,2042.0,-22.57232775945096,1.0
Ömnögovi,Bayandalai,43.092427,103.265263,2023,5,11.761,-0.2,15.655,0.0,15.6,4.433,-8.7,14.513,2.45,5.8,-0.068,-13.1,11.429,0.07,0.2,0,-8.0275,6.300000000000001,4.4,0,0,0,2042.0,-22.57232775945096,1.0
Ömnögovi,Bayandalai,43.092427,103.265263,2023,6,20.45,3.3,12.54,0.0,11.6,11.761,-0.2,15.655,0.0,15.6,4.433,-8.7,14.513,2.45,5.8,0,-2.9699999999999998,6.300000000000001,8.4,0,0,0,2042.0,-22.57232775945096,1.0
Ömnögovi,Bayandalai,43.092427,103.265263,2023,7,22.013,8.6,13.803,0.0,40.5,20.45,3.3,12.54,0.0,11.6,11.761,-0.2,15.655,0.0,15.6,0,1.6984999999999992,6.300000000000001,-20.5,0,0,0,2042.0,-22.57232775945096,0.0
Ömnögovi,Bayandalai,43.092427,103.265263,2023,8,21.345,9.3,11.884,0.0,9.5,22.013,8.6,13.803,0.0,40.5,20.45,3.3,12.54,0.0,11.6,0,3.3580000000000005,6.300000000000001,10.5,0,0,0,2042.0,-22.57232775945096,0.0
Ömnögovi,Bayandalai,43.092427,103.265263,2023,9,14.16,-2.9,11.7,0.0,19.8,21.345,9.3,11.884,0.0,9.5,22.013,8.6,13.803,0.0,40.5,0,-8.75,6.300000000000001,0.1999999999999993,0,0,0,2042.0,-22.57232775945096,0.0
Ömnögovi,Bayandalai,43.092427,103.265263,2023,10,7.226,-3.3,9.335,0.0,0.5,14.16,-2.9,11.7,0.0,19.8,21.345,9.3,11.884,0.0,9.5,0,-7.9675,6.300000000000001,19.5,0,0,0,2042.0,-22.57232775945096,0.0
Ömnögovi,Bayandalai,43.092427,103.265263,2023,11,-6.88,-24.1,10.093,1.54,2.2,7.226,-3.3,9.335,0.0,0.5,14.16,-2.9,11.7,0.0,19.8,1,-29.146500000000003,7.84,17.8,0,0,0,2042.0,-22.57232775945096,0.0
Ömnögovi,Bayandalai,43.092427,103.265263,2023,12,-13.087,-28.0,7.987,1.47,2.1,-6.88,-24.1,10.093,1.54,2.2,7.226,-3.3,9.335,0.0,0.5,1,-31.9935,9.31,17.9,1,0,0,2042.0,-22.57232775945096,0.0
Ömnögovi,Bayandalai,43.092427,103.265263,2024,1,-12.839,-25.9,6.21,2.52,3.6,-13.087,-28.0,7.987,1.47,2.1,-6.88,-24.1,10.093,1.54,2.2,1,-29.005,2.52,16.4,1,0,0,1970.1,-3.521057786483839,0.0
Ömnögovi,Bayandalai,43.092427,103.265263,2024,2,-11.121,-22.8,7.786,1.61,2.5,-12.839,-25.9,6.21,2.52,3.6,-13.087,-28.0,7.987,1.47,2.1,1,-26.693,4.13,17.5,0,0,0,1970.1,-3.521057786483839,0.0
Ömnögovi,Bayandalai,43.092427,103.265263,2024,3,-0.213,-18.7,11.01,1.19,1.8,-11.121,-22.8,7.786,1.61,2.5,-12.839,-25.9,6.21,2.52,3.6,1,-24.205,5.32,18.2,0,0,0,1970.1,-3.521057786483839,0.0
Ömnögovi,Bayandalai,43.092427,103.265263,2024,4,6.98,-5.6,13.203,4.55,25.0,-0.213,-18.7,11.01,1.19,1.8,-11.121,-22.8,7.786,1.61,2.5,0,-12.2015,9.870000000000001,-5.0,0,0,0,1970.1,-3.521057786483839,0.0
Ömnögovi,Bayandalai,43.092427,103.265263,2024,5,16.968,0.7,12.852,0.0,0.9,6.98,-5.6,13.203,4.55,25.0,-0.213,-18.7,11.01,1.19,1.8,0,-5.726,9.870000000000001,19.1,0,0,0,1970.1,-3.521057786483839,0.0
Ömnögovi,Bayandalai,43.092427,103.265263,2024,6,19.71,7.3,13.047,0.0,18.3,16.968,0.7,12.852,0.0,0.9,6.98,-5.6,13.203,4.55,25.0,0,0.7764999999999995,9.870000000000001,1.6999999999999993,0,0,0,1970.1,-3.521057786483839,0.0
Ömnögovi,Cogt-Cecii,43.771715,105.878711,2016,1,-18.258,-30.4,15.748,0.42,0.2,-10.523,-18.3,16.616,1.75,1.4,-5.05,-22.2,15.56,1.33,1.3,1,-38.274,0.42,19.8,1,0,0,2314.0,12.559587508512493,0.0
Ömnögovi,Cogt-Cecii,43.771715,105.878711,2016,2,-11.024,-23.4,18.014,1.33,1.1,-18.258,-30.4,15.748,0.42,0.2,-10.523,-18.3,16.616,1.75,1.4,1,-32.407,1.75,18.9,0,1,0,2314.0,12.559587508512493,0.0
Ömnögovi,Cogt-Cecii,43.771715,105.878711,2016,3,-0.968,-19.4,20.029,0.98,1.9,-11.024,-23.4,18.014,1.33,1.1,-18.258,-30.4,15.748,0.42,0.2,1,-29.414499999999997,2.73,18.1,0,1,0,2314.0,12.559587508512493,0.0
Ömnögovi,Cogt-Cecii,43.771715,105.878711,2016,4,7.673,-8.0,19.79,0.28,0.5,-0.968,-19.4,20.029,0.98,1.9,-11.024,-23.4,18.014,1.33,1.1,0,-17.895,3.01,19.5,0,1,0,2314.0,12.559587508512493,0.0
Ömnögovi,Cogt-Cecii,43.771715,105.878711,2016,5,11.526,-4.0,22.358,2.38,13.3,7.673,-8.0,19.79,0.28,0.5,-0.968,-19.4,20.029,0.98,1.9,0,-15.179,5.39,6.699999999999999,0,1,0,2314.0,12.559587508512493,0.0
Ömnögovi,Cogt-Cecii,43.771715,105.878711,2016,6,15.617,5.1,16.6,0.0,70.3,11.526,-4.0,22.358,2.38,13.3,7.673,-8.0,19.79,0.28,0.5,0,-3.200000000000001,5.39,-50.3,0,0,0,2314.0,12.559587508512493,0.0
Ömnögovi,Cogt-Cecii,43.771715,105.878711,2016,7,23.168,10.7,15.968,0.0,20.2,15.617,5.1,16.6,0.0,70.3,11.526,-4.0,22.358,2.38,13.3,0,2.7159999999999993,5.39,-0.1999999999999993,0,0,0,2314.0,12.559587508512493,0.0
Ömnögovi,Cogt-Cecii,43.771715,105.878711,2016,8,22.49,5.6,16.977,0.0,5.4,23.168,10.7,15.968,0.0,20.2,15.617,5.1,16.6,0.0,70.3,0,-2.8885000000000005,5.39,14.6,0,0,0,2314.0,12.559587508512493,0.0
Ömnögovi,Cogt-Cecii,43.771715,105.878711,2016,9,13.63,-2.7,14.473,0.0,12.8,22.49,5.6,16.977,0.0,5.4,23.168,10.7,15.968,0.0,20.2,0,-9.9365,5.39,7.199999999999999,0,0,0,2314.0,12.559587508512493,0.0
Ömnögovi,Cogt-Cecii,43.771715,105.878711,2016,10,3.723,-14.3,17.016,1.75,12.1,13.63,-2.7,14.473,0.0,12.8,22.49,5.6,16.977,0.0,5.4,0,-22.808,7.14,7.9,0,0,0,2314.0,12.559587508512493,0.0
Ömnögovi,Cogt-Cecii,43.771715,105.878711,2016,11,-5.26,-22.7,19.163,0.63,0.6,3.723,-14.3,17.016,1.75,12.1,13.63,-2.7,14.473,0.0,12.8,1,-32.2815,7.77,19.4,0,1,0,2314.0,12.559587508512493,0.0
Ömnögovi,Cogt-Cecii,43.771715,105.878711,2016,12,-8.945,-22.1,16.335,0.84,0.7,-5.26,-22.7,19.163,0.63,0.6,3.723,-14.3,17.016,1.75,12.1,1,-30.267500000000002,8.61,19.3,0,0,0,2314.0,12.559587508512493,0.0
Ömnögovi,Cogt-Cecii,43.771715,105.878711,2017,1,-12.981,-28.6,18.097,0.84,1.4,-8.945,-22.1,16.335,0.84,0.7,-5.26,-22.7,19.163,0.63,0.6,1,-37.6485,0.84,18.6,1,1,0,2654.4,14.710458081244603,0.0
Ömnögovi,Cogt-Cecii,43.771715,105.878711,2017,2,-8.321,-23.6,17.664,3.92,5.5,-12.981,-28.6,18.097,0.84,1.4,-8.945,-22.1,16.335,0.84,0.7,1,-32.432,4.76,14.5,0,0,0,2654.4,14.710458081244603,0.0
Ömnögovi,Cogt-Cecii,43.771715,105.878711,2017,3,-3.732,-13.9,17.565,12.81,19.3,-8.321,-23.6,17.664,3.92,5.5,-12.981,-28.6,18.097,0.84,1.4,1,-22.6825,17.57,0.6999999999999993,0,0,1,2654.4,14.710458081244603,0.0
Ömnögovi,Cogt-Cecii,43.771715,105.878711,2017,4,6.577,-3.8,18.343,0.7,2.6,-3.732,-13.9,17.565,12.81,19.3,-8.321,-23.6,17.664,3.92,5.5,0,-12.971499999999999,18.27,17.4,0,1,0,2654.4,14.710458081244603,0.0
Ömnögovi,Cogt-Cecii,43.771715,105.878711,2017,5,14.603,-6.6,20.839,1.82,7.8,6.577,-3.8,18.343,0.7,2.6,-3.732,-13.9,17.565,12.81,19.3,0,-17.0195,20.09,12.2,0,1,0,2654.4,14.710458081244603,0.0
Ömnögovi,Cogt-Cecii,43.771715,105.878711,2017,6,19.393,5.8,17.417,0.0,33.0,14.603,-6.6,20.839,1.82,7.8,6.577,-3.8,18.343,0.7,2.6,0,-2.908500000000001,20.09,-13.0,0,0,0,2654.4,14.710458081244603,0.0
Ömnögovi,Cogt-Cecii,43.771715,105.878711,2017,7,22.684,9.2,17.51,0.0,19.6,19.393,5.8,17.417,0.0,33.0,14.603,-6.6,20.839,1.82,7.8,0,0.4449999999999985,20.09,0.3999999999999986,0,0,0,2654.4,14.710458081244603,0.0
Ömnögovi,Cogt-Cecii,43.771715,105.878711,2017,8,18.316,6.0,16.832,0.0,20.5,22.684,9.2,17.51,0.0,19.6,19.393,5.8,17.417,0.0,33.0,0,-2.4160000000000004,20.09,-0.5,0,0,0,2654.4,14.710458081244603,0.0
Ömnögovi,Cogt-Cecii,43.771715,105.878711,2017,9,14.143,-3.4,19.093,0.0,1.9,18.316,6.0,16.832,0.0,20.5,22.684,9.2,17.51,0.0,19.6,0,-12.9465,20.09,18.1,0,1,0,2654.4,14.710458081244603,0.0
Ömnögovi,Cogt-Cecii,43.771715,105.878711,2017,10,3.7,-11.6,16.368,3.57,5.3,14.143,-3.4,19.093,0.0,1.9,18.316,6.0,16.832,0.0,20.5,0,-19.784,23.66,14.7,0,0,0,2654.4,14.710458081244603,0.0
Ömnögovi,Cogt-Cecii,43.771715,105.878711,2017,11,-6.34,-20.3,21.127,0.21,0.3,3.7,-11.6,16.368,3.57,5.3,14.143,-3.4,19.093,0.0,1.9,1,-30.863500000000002,23.87,19.7,0,1,0,2654.4,14.710458081244603,0.0
Ömnögovi,Cogt-Cecii,43.771715,105.878711,2017,12,-11.261,-21.0,18.99,0.63,0.8,-6.34,-20.3,21.127,0.21,0.3,3.7,-11.6,16.368,3.57,5.3,1,-30.494999999999997,24.5,19.2,0,1,0,2654.4,14.710458081244603,0.0
Ömnögovi,Cogt-Cecii,43.771715,105.878711,2018,1,-17.674,-33.4,17.819,2.66,3.8,-11.261,-21.0,18.99,0.63,0.8,-6.34,-20.3,21.127,0.21,0.3,1,-42.3095,2.66,16.2,1,0,0,2598.4,-2.1097046413502074,0.0
Ömnögovi,Cogt-Cecii,43.771715,105.878711,2018,2,-11.55,-24.2,19.143,0.63,0.9,-17.674,-33.4,17.819,2.66,3.8,-11.261,-21.0,18.99,0.63,0.8,1,-33.7715,3.29,19.1,0,1,0,2598.4,-2.1097046413502074,0.0
Ömnögovi,Cogt-Cecii,43.771715,105.878711,2018,3,2.613,-13.9,22.119,1.05,1.7,-11.55,-24.2,19.143,0.63,0.9,-17.674,-33.4,17.819,2.66,3.8,1,-24.9595,4.34,18.3,0,1,0,2598.4,-2.1097046413502074,0.0
Ömnögovi,Cogt-Cecii,43.771715,105.878711,2018,4,7.043,-12.1,23.513,3.01,5.7,2.613,-13.9,22.119,1.05,1.7,-11.55,-24.2,19.143,0.63,0.9,0,-23.8565,7.35,14.3,0,1,0,2598.4,-2.1097046413502074,0.0
Ömnögovi,Cogt-Cecii,43.771715,105.878711,2018,5,14.852,-2.9,21.455,1.05,7.9,7.043,-12.1,23.513,3.01,5.7,2.613,-13.9,22.119,1.05,1.7,0,-13.6275,8.4,12.1,0,1,0,2598.4,-2.1097046413502074,0.0
Ömnögovi,Cogt-Cecii,43.771715,105.878711,2018,6,19.803,4.0,18.46,0.0,1.9,14.852,-2.9,21.455,1.05,7.9,7.043,-12.1,23.513,3.01,5.7,0,-5.23,8.4,18.1,0,1,0,2598.4,-2.1097046413502074,0.0
Ömnögovi,Cogt-Cecii,43.771715,105.878711,2018,7,20.626,10.9,17.0,0.0,56.1,19.803,4.0,18.46,0.0,1.9,14.852,-2.9,21.455,1.05,7.9,0,2.4000000000000004,8.4,-36.1,0,0,0,2598.4,-2.1097046413502074,0.0
Ömnögovi,Cogt-Cecii,43.771715,105.878711,2018,8,18.384,9.6,14.529,0.0,85.1,20.626,10.9,17.0,0.0,56.1,19.803,4.0,18.46,0.0,1.9,0,2.3354999999999997,8.4,-65.1,0,0,0,2598.4,-2.1097046413502074,0.0
Ömnögovi,Cogt-Cecii,43.771715,105.878711,2018,9,10.213,-2.5,21.393,0.49,4.7,18.384,9.6,14.529,0.0,85.1,20.626,10.9,17.0,0.0,56.1,0,-13.1965,8.89,15.3,0,1,0,2598.4,-2.1097046413502074,0.0
Ömnögovi,Cogt-Cecii,43.771715,105.878711,2018,10,3.026,-6.7,19.384,0.21,0.3,10.213,-2.5,21.393,0.49,4.7,18.384,9.6,14.529,0.0,85.1,0,-16.392,9.1,19.7,0,1,0,2598.4,-2.1097046413502074,0.0
Ömnögovi,Cogt-Cecii,43.771715,105.878711,2018,11,-5.62,-16.1,18.077,1.61,2.4,3.026,-6.7,19.384,0.21,0.3,10.213,-2.5,21.393,0.49,4.7,1,-25.1385,10.71,17.6,0,1,0,2598.4,-2.1097046413502074,0.0
Ömnögovi,Cogt-Cecii,43.771715,105.878711,2018,12,-16.587,-30.5,18.548,0.56,0.7,-5.62,-16.1,18.077,1.61,2.4,3.026,-6.7,19.384,0.21,0.3,1,-39.774,11.27,19.3,1,1,0,2598.4,-2.1097046413502074,0.0
Ömnögovi,Cogt-Cecii,43.771715,105.878711,2019,1,-14.113,-26.0,18.106,0.0,0.0,-16.587,-30.5,18.548,0.56,0.7,-5.62,-16.1,18.077,1.61,2.4,1,-35.053,0.0,20.0,1,1,0,3000.3,15.467210591133007,0.0
Ömnögovi,Cogt-Cecii,43.771715,105.878711,2019,2,-14.461,-27.6,14.846,4.76,6.8,-14.113,-26.0,18.106,0.0,0.0,-16.587,-30.5,18.548,0.56,0.7,1,-35.023,4.76,13.2,1,0,0,3000.3,15.467210591133007,0.0
Ömnögovi,Cogt-Cecii,43.771715,105.878711,2019,3,-1.771,-13.8,18.287,5.67,8.0,-14.461,-27.6,14.846,4.76,6.8,-14.113,-26.0,18.106,0.0,0.0,1,-22.9435,10.43,12.0,0,1,0,3000.3,15.467210591133007,0.0
Ömnögovi,Cogt-Cecii,43.771715,105.878711,2019,4,7.397,-5.1,21.953,1.68,5.5,-1.771,-13.8,18.287,5.67,8.0,-14.461,-27.6,14.846,4.76,6.8,0,-16.0765,12.11,14.5,0,1,0,3000.3,15.467210591133007,0.0
Ömnögovi,Cogt-Cecii,43.771715,105.878711,2019,5,10.077,-6.1,21.552,15.68,31.3,7.397,-5.1,21.953,1.68,5.5,-1.771,-13.8,18.287,5.67,8.0,0,-16.875999999999998,27.79,-11.3,0,1,1,3000.3,15.467210591133007,0.0
Ömnögovi,Cogt-Cecii,43.771715,105.878711,2019,6,19.247,7.1,19.77,0.0,3.2,10.077,-6.1,21.552,15.68,31.3,7.397,-5.1,21.953,1.68,5.5,0,-2.785,27.79,16.8,0,1,0,3000.3,15.467210591133007,0.0
Ömnögovi,Cogt-Cecii,43.771715,105.878711,2019,7,21.629,9.9,18.013,0.0,11.4,19.247,7.1,19.77,0.0,3.2,10.077,-6.1,21.552,15.68,31.3,0,0.8934999999999995,27.79,8.6,0,1,0,3000.3,15.467210591133007,0.0
Ömnögovi,Cogt-Cecii,43.771715,105.878711,2019,8,18.535,7.1,16.468,0.0,21.3,21.629,9.9,18.013,0.0,11.4,19.247,7.1,19.77,0.0,3.2,0,-1.1340000000000003,27.79,-1.3000000000000007,0,0,0,3000.3,15.467210591133007,0.0
Ömnögovi,Cogt-Cecii,43.771715,105.878711,2019,9,16.317,4.1,17.38,0.0,12.2,18.535,7.1,16.468,0.0,21.3,21.629,9.9,18.013,0.0,11.4,0,-4.59,27.79,7.800000000000001,0,0,0,3000.3,15.467210591133007,0.0
Ömnögovi,Cogt-Cecii,43.771715,105.878711,2019,10,2.755,-11.1,18.268,8.75,26.7,16.317,4.1,17.38,0.0,12.2,18.535,7.1,16.468,0.0,21.3,0,-20.234,36.54,-6.699999999999999,0,1,0,3000.3,15.467210591133007,0.0
Ömnögovi,Cogt-Cecii,43.771715,105.878711,2019,11,-5.01,-19.7,19.153,0.14,0.2,2.755,-11.1,18.268,8.75,26.7,16.317,4.1,17.38,0.0,12.2,1,-29.2765,36.68,19.8,0,1,0,3000.3,15.467210591133007,0.0
Ömnögovi,Cogt-Cecii,43.771715,105.878711,2019,12,-11.555,-26.6,18.416,0.7,1.0,-5.01,-19.7,19.153,0.14,0.2,2.755,-11.1,18.268,8.75,26.7,1,-35.808,37.38,19.0,1,1,0,3000.3,15.467210591133007,0.0
Ömnögovi,Cogt-Cecii,43.771715,105.878711,2020,1,-10.881,-20.1,14.819,0.28,0.3,-11.555,-26.6,18.416,0.7,1.0,-5.01,-19.7,19.153,0.14,0.2,1,-27.509500000000003,0.28,19.7,0,0,0,2880.8,-3.9829350398293495,0.0
Ömnögovi,Cogt-Cecii,43.771715,105.878711,2020,2,-7.331,-20.7,18.166,3.92,5.5,-10.881,-20.1,14.819,0.28,0.3,-11.555,-26.6,18.416,0.7,1.0,1,-29.783,4.2,14.5,0,1,0,2880.8,-3.9829350398293495,0.0
Ömnögovi,Cogt-Cecii,43.771715,105.878711,2020,3,-1.548,-16.9,20.329,1.19,2.2,-7.331,-20.7,18.166,3.92,5.5,-10.881,-20.1,14.819,0.28,0.3,1,-27.0645,5.390000000000001,17.8,0,1,0,2880.8,-3.9829350398293495,0.0
Ömnögovi,Cogt-Cecii,43.771715,105.878711,2020,4,6.917,-7.8,17.88,0.28,1.0,-1.548,-16.9,20.329,1.19,2.2,-7.331,-20.7,18.166,3.92,5.5,0,-16.74,5.67,19.0,0,0,0,2880.8,-3.9829350398293495,0.0
Ömnögovi,Cogt-Cecii,43.771715,105.878711,2020,5,12.406,-1.4,21.223,2.45,14.2,6.917,-7.8,17.88,0.28,1.0,-1.548,-16.9,20.329,1.19,2.2,0,-12.0115,8.120000000000001,5.800000000000001,0,1,0,2880.8,-3.9829350398293495,0.0
Ömnögovi,Cogt-Cecii,43.771715,105.878711,2020,6,19.173,7.2,19.337,0.0,5.2,12.406,-1.4,21.223,2.45,14.2,6.917,-7.8,17.88,0.28,1.0,0,-2.4684999999999997,8.120000000000001,14.8,0,1,0,2880.8,-3.9829350398293495,0.0
Ömnögovi,Cogt-Cecii,43.771715,105.878711,2020,7,21.571,10.2,16.842,0.0,10.9,19.173,7.2,19.337,0.0,5.2,12.406,-1.4,21.223,2.45,14.2,0,1.779,8.120000000000001,9.1,0,0,0,2880.8,-3.9829350398293495,1.0
Ömnögovi,Cogt-Cecii,43.771715,105.878711,2020,8,17.974,8.9,18.177,0.0,61.2,21.571,10.2,16.842,0.0,10.9,19.173,7.2,19.337,0.0,5.2,0,-0.18849999999999945,8.120000000000001,-41.2,0,1,0,2880.8,-3.9829350398293495,1.0
Ömnögovi,Cogt-Cecii,43.771715,105.878711,2020,9,12.937,0.9,17.933,0.21,10.5,17.974,8.9,18.177,0.0,61.2,21.571,10.2,16.842,0.0,10.9,0,-8.0665,8.33,9.5,0,0,0,2880.8,-3.9829350398293495,1.0
Ömnögovi,Cogt-Cecii,43.771715,105.878711,2020,10,2.135,-7.8,20.281,1.33,1.9,12.937,0.9,17.933,0.21,10.5,17.974,8.9,18.177,0.0,61.2,0,-17.9405,9.66,18.1,0,1,0,2880.8,-3.9829350398293495,1.0
Ömnögovi,Cogt-Cecii,43.771715,105.878711,2020,11,-5.067,-18.5,17.317,3.01,4.3,2.135,-7.8,20.281,1.33,1.9,12.937,0.9,17.933,0.21,10.5,1,-27.1585,12.67,15.7,0,0,0,2880.8,-3.9829350398293495,1.0
Ömnögovi,Cogt-Cecii,43.771715,105.878711,2020,12,-16.329,-29.0,17.748,0.63,0.8,-5.067,-18.5,17.317,3.01,4.3,2.135,-7.8,20.281,1.33,1.9,1,-37.874,13.3,19.2,1,0,0,2880.8,-3.9829350398293495,1.0
Ömnögovi,Cogt-Cecii,43.771715,105.878711,2021,1,-14.29,-31.7,20.477,0.14,0.2,-16.329,-29.0,17.748,0.63,0.8,-5.067,-18.5,17.317,3.01,4.3,1,-41.9385,0.14,19.8,1,1,0,2513.8,-12.739516800888639,1.0
Ömnögovi,Cogt-Cecii,43.771715,105.878711,2021,2,-5.064,-23.9,20.493,2.94,4.2,-14.29,-31.7,20.477,0.14,0.2,-16.329,-29.0,17.748,0.63,0.8,1,-34.146499999999996,3.08,15.8,0,1,0,2513.8,-12.739516800888639,1.0
Ömnögovi,Cogt-Cecii,43.771715,105.878711,2021,3,0.903,-14.4,20.89,0.63,1.0,-5.064,-23.9,20.493,2.94,4.2,-14.29,-31.7,20.477,0.14,0.2,1,-24.845,3.71,19.0,0,1,0,2513.8,-12.739516800888639,1.0
Ömnögovi,Cogt-Cecii,43.771715,105.878711,2021,4,5.923,-8.9,22.687,1.89,9.4,0.903,-14.4,20.89,0.63,1.0,-5.064,-23.9,20.493,2.94,4.2,0,-20.2435,5.6,10.6,0,1,0,2513.8,-12.739516800888639,1.0
Ömnögovi,Cogt-Cecii,43.771715,105.878711,2021,5,11.248,-4.8,25.194,1.61,6.0,5.923,-8.9,22.687,1.89,9.4,0.903,-14.4,20.89,0.63,1.0,0,-17.397,7.21,14.0,0,1,0,2513.8,-12.739516800888639,1.0
Ömnögovi,Cogt-Cecii,43.771715,105.878711,2021,6,17.797,0.2,19.603,0.0,13.7,11.248,-4.8,25.194,1.61,6.0,5.923,-8.9,22.687,1.89,9.4,0,-9.601500000000001,7.21,6.300000000000001,0,1,0,2513.8,-12.739516800888639,1.0
Ömnögovi,Cogt-Cecii,43.771715,105.878711,2021,7,20.113,9.7,15.132,0.0,118.7,17.797,0.2,19.603,0.0,13.7,11.248,-4.8,25.194,1.61,6.0,0,2.1339999999999995,7.21,-98.7,0,0,0,2513.8,-12.739516800888639,0.0
Ömnögovi,Cogt-Cecii,43.771715,105.878711,2021,8,16.803,5.1,19.306,0.0,26.2,20.113,9.7,15.132,0.0,118.7,17.797,0.2,19.603,0.0,13.7,0,-4.553000000000001,7.21,-6.199999999999999,0,1,0,2513.8,-12.739516800888639,0.0
Ömnögovi,Cogt-Cecii,43.771715,105.878711,2021,9,13.833,0.7,17.957,0.0,24.1,16.803,5.1,19.306,0.0,26.2,20.113,9.7,15.132,0.0,118.7,0,-8.278500000000001,7.21,-4.100000000000001,0,0,0,2513.8,-12.739516800888639,0.0
Ömnögovi,Cogt-Cecii,43.771715,105.878711,2021,10,3.061,-9.4,16.455,0.91,3.5,13.833,0.7,17.957,0.0,24.1,16.803,5.1,19.306,0.0,26.2,0,-17.627499999999998,8.120000000000001,16.5,0,0,0,2513.8,-12.739516800888639,0.0
Ömnögovi,Cogt-Cecii,43.771715,105.878711,2021,11,-5.073,-17.5,20.513,3.57,5.1,3.061,-9.4,16.455,0.91,3.5,13.833,0.7,17.957,0.0,24.1,1,-27.756500000000003,11.69,14.9,0,1,0,2513.8,-12.739516800888639,0.0
Ömnögovi,Cogt-Cecii,43.771715,105.878711,2021,12,-10.6,-26.0,18.39,0.35,0.5,-5.073,-17.5,20.513,3.57,5.1,3.061,-9.4,16.455,0.91,3.5,1,-35.195,12.04,19.5,1,1,0,2513.8,-12.739516800888639,0.0
Ömnögovi,Cogt-Cecii,43.771715,105.878711,2022,1,-12.584,-21.8,15.135,1.61,2.3,-10.6,-26.0,18.39,0.35,0.5,-5.073,-17.5,20.513,3.57,5.1,1,-29.3675,1.61,17.7,0,0,0,2637.3,4.912880897446104,0.0
Ömnögovi,Cogt-Cecii,43.771715,105.878711,2022,2,-13.436,-23.7,15.025,3.22,4.7,-12.584,-21.8,15.135,1.61,2.3,-10.6,-26.0,18.39,0.35,0.5,1,-31.2125,4.83,15.3,0,0,0,2637.3,4.912880897446104,0.0
Ömnögovi,Cogt-Cecii,43.771715,105.878711,2022,3,-1.113,-15.2,22.158,4.34,6.2,-13.436,-23.7,15.025,3.22,4.7,-12.584,-21.8,15.135,1.61,2.3,1,-26.279,9.17,13.8,0,1,0,2637.3,4.912880897446104,0.0
Ömnögovi,Cogt-Cecii,43.771715,105.878711,2022,4,5.687,-6.9,22.893,6.51,12.9,-1.113,-15.2,22.158,4.34,6.2,-13.436,-23.7,15.025,3.22,4.7,0,-18.3465,15.68,7.1,0,1,0,2637.3,4.912880897446104,0.0
Ömnögovi,Cogt-Cecii,43.771715,105.878711,2022,5,12.984,-2.8,19.826,0.14,8.7,5.687,-6.9,22.893,6.51,12.9,-1.113,-15.2,22.158,4.34,6.2,0,-12.713000000000001,15.82,11.3,0,1,0,2637.3,4.912880897446104,0.0
Ömnögovi,Cogt-Cecii,43.771715,105.878711,2022,6,19.217,5.2,20.13,0.0,22.7,12.984,-2.8,19.826,0.14,8.7,5.687,-6.9,22.893,6.51,12.9,0,-4.864999999999999,15.82,-2.6999999999999993,0,1,0,2637.3,4.912880897446104,0.0
Ömnögovi,Cogt-Cecii,43.771715,105.878711,2022,7,21.11,10.3,18.545,0.0,15.3,19.217,5.2,20.13,0.0,22.7,12.984,-2.8,19.826,0.14,8.7,0,1.0274999999999999,15.82,4.699999999999999,0,1,0,2637.3,4.912880897446104,1.0
Ömnögovi,Cogt-Cecii,43.771715,105.878711,2022,8,19.5,4.4,19.074,0.0,24.7,21.11,10.3,18.545,0.0,15.3,19.217,5.2,20.13,0.0,22.7,0,-5.1370000000000005,15.82,-4.699999999999999,0,1,0,2637.3,4.912880897446104,1.0
Ömnögovi,Cogt-Cecii,43.771715,105.878711,2022,9,15.43,1.1,19.107,0.0,1.7,19.5,4.4,19.074,0.0,24.7,21.11,10.3,18.545,0.0,15.3,0,-8.4535,15.82,18.3,0,1,0,2637.3,4.912880897446104,1.0
Ömnögovi,Cogt-Cecii,43.771715,105.878711,2022,10,3.094,-8.4,17.984,1.75,5.2,15.43,1.1,19.107,0.0,1.7,19.5,4.4,19.074,0.0,24.7,0,-17.392000000000003,17.57,14.8,0,0,0,2637.3,4.912880897446104,1.0
Ömnögovi,Cogt-Cecii,43.771715,105.878711,2022,11,-4.98,-28.2,18.353,3.43,4.9,3.094,-8.4,17.984,1.75,5.2,15.43,1.1,19.107,0.0,1.7,1,-37.3765,21.0,15.1,1,1,0,2637.3,4.912880897446104,1.0
Ömnögovi,Cogt-Cecii,43.771715,105.878711,2022,12,-15.648,-26.2,18.865,0.84,1.1,-4.98,-28.2,18.353,3.43,4.9,3.094,-8.4,17.984,1.75,5.2,1,-35.6325,21.84,18.9,1,1,0,2637.3,4.912880897446104,1.0
Ömnögovi,Cogt-Cecii,43.771715,105.878711,2023,1,-13.884,-32.8,19.139,2.8,3.9,-15.648,-26.2,18.865,0.84,1.1,-4.98,-28.2,18.353,3.43,4.9,1,-42.369499999999995,2.8,16.1,1,1,0,2042.0,-22.57232775945096,1.0
Ömnögovi,Cogt-Cecii,43.771715,105.878711,2023,2,-7.732,-18.6,15.768,2.45,3.6,-13.884,-32.8,19.139,2.8,3.9,-15.648,-26.2,18.865,0.84,1.1,1,-26.484,5.25,16.4,0,0,0,2042.0,-22.57232775945096,1.0
Ömnögovi,Cogt-Cecii,43.771715,105.878711,2023,3,-0.171,-16.9,19.4,0.84,1.2,-7.732,-18.6,15.768,2.45,3.6,-13.884,-32.8,19.139,2.8,3.9,1,-26.599999999999998,6.09,18.8,0,1,0,2042.0,-22.57232775945096,1.0
Ömnögovi,Cogt-Cecii,43.771715,105.878711,2023,4,3.827,-13.4,23.51,1.54,4.1,-0.171,-16.9,19.4,0.84,1.2,-7.732,-18.6,15.768,2.45,3.6,0,-25.155,7.63,15.9,0,1,0,2042.0,-22.57232775945096,1.0
Ömnögovi,Cogt-Cecii,43.771715,105.878711,2023,5,11.332,-1.2,22.09,0.07,33.6,3.827,-13.4,23.51,1.54,4.1,-0.171,-16.9,19.4,0.84,1.2,0,-12.245,7.7,-13.600000000000001,0,1,0,2042.0,-22.57232775945096,1.0
Ömnögovi,Cogt-Cecii,43.771715,105.878711,2023,6,19.997,3.2,17.913,0.0,7.4,11.332,-1.2,22.09,0.07,33.6,3.827,-13.4,23.51,1.54,4.1,0,-5.7565,7.7,12.6,0,0,0,2042.0,-22.57232775945096,1.0
Ömnögovi,Cogt-Cecii,43.771715,105.878711,2023,7,20.706,9.7,19.574,0.0,32.5,19.997,3.2,17.913,0.0,7.4,11.332,-1.2,22.09,0.07,33.6,0,-0.08700000000000152,7.7,-12.5,0,1,0,2042.0,-22.57232775945096,0.0
Ömnögovi,Cogt-Cecii,43.771715,105.878711,2023,8,20.884,8.6,16.7,0.0,5.7,20.706,9.7,19.574,0.0,32.5,19.997,3.2,17.913,0.0,7.4,0,0.25,7.7,14.3,0,0,0,2042.0,-22.57232775945096,0.0
Ömnögovi,Cogt-Cecii,43.771715,105.878711,2023,9,14.49,-0.6,18.18,0.0,8.2,20.884,8.6,16.7,0.0,5.7,20.706,9.7,19.574,0.0,32.5,0,-9.69,7.7,11.8,0,1,0,2042.0,-22.57232775945096,0.0
Ömnögovi,Cogt-Cecii,43.771715,105.878711,2023,10,7.732,-1.6,16.397,0.0,0.3,14.49,-0.6,18.18,0.0,8.2,20.884,8.6,16.7,0.0,5.7,0,-9.798499999999999,7.7,19.7,0,0,0,2042.0,-22.57232775945096,0.0
Ömnögovi,Cogt-Cecii,43.771715,105.878711,2023,11,-6.407,-22.3,19.447,4.83,6.7,7.732,-1.6,16.397,0.0,0.3,14.49,-0.6,18.18,0.0,8.2,1,-32.0235,12.530000000000001,13.3,0,1,0,2042.0,-22.57232775945096,0.0
Ömnögovi,Cogt-Cecii,43.771715,105.878711,2023,12,-13.016,-29.6,19.474,6.02,8.7,-6.407,-22.3,19.447,4.83,6.7,7.732,-1.6,16.397,0.0,0.3,1,-39.337,18.55,11.3,1,1,0,2042.0,-22.57232775945096,0.0
Ömnögovi,Cogt-Cecii,43.771715,105.878711,2024,1,-13.958,-30.5,15.394,6.51,9.2,-13.016,-29.6,19.474,6.02,8.7,-6.407,-22.3,19.447,4.83,6.7,1,-38.197,6.51,10.8,1,0,0,1970.1,-3.521057786483839,0.0
Ömnögovi,Cogt-Cecii,43.771715,105.878711,2024,2,-11.493,-23.6,16.721,2.1,3.0,-13.958,-30.5,15.394,6.51,9.2,-13.016,-29.6,19.474,6.02,8.7,1,-31.960500000000003,8.61,17.0,0,0,0,1970.1,-3.521057786483839,0.0
Ömnögovi,Cogt-Cecii,43.771715,105.878711,2024,3,-0.719,-15.2,19.755,1.12,1.6,-11.493,-23.6,16.721,2.1,3.0,-13.958,-30.5,15.394,6.51,9.2,1,-25.0775,9.73,18.4,0,1,0,1970.1,-3.521057786483839,0.0
Ömnögovi,Cogt-Cecii,43.771715,105.878711,2024,4,7.263,-4.2,21.057,10.43,18.6,-0.719,-15.2,19.755,1.12,1.6,-11.493,-23.6,16.721,2.1,3.0,0,-14.7285,20.16,1.3999999999999986,0,1,1,1970.1,-3.521057786483839,0.0
Ömnögovi,Cogt-Cecii,43.771715,105.878711,2024,5,16.219,2.0,20.487,0.0,12.2,7.263,-4.2,21.057,10.43,18.6,-0.719,-15.2,19.755,1.12,1.6,0,-8.2435,20.16,7.800000000000001,0,1,0,1970.1,-3.521057786483839,0.0
Ömnögovi,Cogt-Cecii,43.771715,105.878711,2024,6,19.463,6.6,19.66,0.0,20.8,16.219,2.0,20.487,0.0,12.2,7.263,-4.2,21.057,10.43,18.6,0,-3.2300000000000004,20.16,-0.8000000000000007,0,1,0,1970.1,-3.521057786483839,0.0
Ömnögovi,Dalanzadgad,43.574898,104.428695,2016,1,-16.203,-26.1,11.694,0.42,0.2,-8.755,-17.8,12.842,1.68,1.3,-3.587,-18.3,11.703,0.42,0.0,1,-31.947000000000003,0.42,19.8,1,0,0,2314.0,12.559587508512493,0.0
Ömnögovi,Dalanzadgad,43.574898,104.428695,2016,2,-9.138,-21.9,14.634,0.35,0.1,-16.203,-26.1,11.694,0.42,0.2,-8.755,-17.8,12.842,1.68,1.3,1,-29.217,0.77,19.9,0,0,0,2314.0,12.559587508512493,0.0
Ömnögovi,Dalanzadgad,43.574898,104.428695,2016,3,0.561,-17.7,15.616,1.12,3.0,-9.138,-21.9,14.634,0.35,0.1,-16.203,-26.1,11.694,0.42,0.2,1,-25.508,1.8900000000000001,17.0,0,0,0,2314.0,12.559587508512493,0.0
Ömnögovi,Dalanzadgad,43.574898,104.428695,2016,4,9.32,-5.9,16.09,0.21,0.5,0.561,-17.7,15.616,1.12,3.0,-9.138,-21.9,14.634,0.35,0.1,0,-13.945,2.1,19.5,0,0,0,2314.0,12.559587508512493,0.0
Ömnögovi,Dalanzadgad,43.574898,104.428695,2016,5,12.784,-2.7,18.152,0.63,12.0,9.32,-5.9,16.09,0.21,0.5,0.561,-17.7,15.616,1.12,3.0,0,-11.776,2.73,8.0,0,1,0,2314.0,12.559587508512493,0.0
Ömnögovi,Dalanzadgad,43.574898,104.428695,2016,6,17.023,5.6,14.197,0.0,66.2,12.784,-2.7,18.152,0.63,12.0,9.32,-5.9,16.09,0.21,0.5,0,-1.4985,2.73,-46.2,0,0,0,2314.0,12.559587508512493,0.0
Ömnögovi,Dalanzadgad,43.574898,104.428695,2016,7,23.665,13.0,11.935,0.0,31.9,17.023,5.6,14.197,0.0,66.2,12.784,-2.7,18.152,0.63,12.0,0,7.0325,2.73,-11.899999999999999,0,0,0,2314.0,12.559587508512493,0.0
Ömnögovi,Dalanzadgad,43.574898,104.428695,2016,8,23.642,7.4,12.3,0.0,9.5,23.665,13.0,11.935,0.0,31.9,17.023,5.6,14.197,0.0,66.2,0,1.25,2.73,10.5,0,0,0,2314.0,12.559587508512493,0.0
Ömnögovi,Dalanzadgad,43.574898,104.428695,2016,9,15.183,-0.4,10.653,0.0,18.4,23.642,7.4,12.3,0.0,9.5,23.665,13.0,11.935,0.0,31.9,0,-5.726500000000001,2.73,1.6000000000000014,0,0,0,2314.0,12.559587508512493,0.0
Ömnögovi,Dalanzadgad,43.574898,104.428695,2016,10,5.158,-13.5,13.958,1.54,8.3,15.183,-0.4,10.653,0.0,18.4,23.642,7.4,12.3,0.0,9.5,0,-20.479,4.27,11.7,0,0,0,2314.0,12.559587508512493,0.0
Ömnögovi,Dalanzadgad,43.574898,104.428695,2016,11,-3.867,-21.0,15.43,0.56,0.2,5.158,-13.5,13.958,1.54,8.3,15.183,-0.4,10.653,0.0,18.4,1,-28.715,4.83,19.8,0,0,0,2314.0,12.559587508512493,0.0
Ömnögovi,Dalanzadgad,43.574898,104.428695,2016,12,-7.894,-20.7,12.21,1.26,0.6,-3.867,-21.0,15.43,0.56,0.2,5.158,-13.5,13.958,1.54,8.3,1,-26.805,6.09,19.4,0,0,0,2314.0,12.559587508512493,0.0
Ömnögovi,Dalanzadgad,43.574898,104.428695,2017,1,-11.732,-27.6,11.413,1.05,1.5,-7.894,-20.7,12.21,1.26,0.6,-3.867,-21.0,15.43,0.56,0.2,1,-33.3065,1.05,18.5,1,0,0,2654.4,14.710458081244603,0.0
Ömnögovi,Dalanzadgad,43.574898,104.428695,2017,2,-6.029,-20.4,11.85,2.38,3.4,-11.732,-27.6,11.413,1.05,1.5,-7.894,-20.7,12.21,1.26,0.6,1,-26.325,3.4299999999999997,16.6,0,0,0,2654.4,14.710458081244603,0.0
Ömnögovi,Dalanzadgad,43.574898,104.428695,2017,3,-1.135,-11.4,14.49,12.74,22.1,-6.029,-20.4,11.85,2.38,3.4,-11.732,-27.6,11.413,1.05,1.5,1,-18.645,16.17,-2.1000000000000014,0,0,1,2654.4,14.710458081244603,0.0
Ömnögovi,Dalanzadgad,43.574898,104.428695,2017,4,9.193,-1.5,16.167,0.0,2.5,-1.135,-11.4,14.49,12.74,22.1,-6.029,-20.4,11.85,2.38,3.4,0,-9.5835,16.17,17.5,0,0,0,2654.4,14.710458081244603,0.0
Ömnögovi,Dalanzadgad,43.574898,104.428695,2017,5,16.981,-4.5,18.323,0.14,2.0,9.193,-1.5,16.167,0.0,2.5,-1.135,-11.4,14.49,12.74,22.1,0,-13.6615,16.31,18.0,0,1,0,2654.4,14.710458081244603,0.0
Ömnögovi,Dalanzadgad,43.574898,104.428695,2017,6,21.643,8.9,15.377,0.0,18.2,16.981,-4.5,18.323,0.14,2.0,9.193,-1.5,16.167,0.0,2.5,0,1.2115,16.31,1.8000000000000007,0,0,0,2654.4,14.710458081244603,0.0
Ömnögovi,Dalanzadgad,43.574898,104.428695,2017,7,24.868,11.8,15.565,0.0,16.4,21.643,8.9,15.377,0.0,18.2,16.981,-4.5,18.323,0.14,2.0,0,4.017500000000001,16.31,3.6000000000000014,0,0,0,2654.4,14.710458081244603,0.0
Ömnögovi,Dalanzadgad,43.574898,104.428695,2017,8,20.681,7.2,14.639,0.0,24.0,24.868,11.8,15.565,0.0,16.4,21.643,8.9,15.377,0.0,18.2,0,-0.1194999999999995,16.31,-4.0,0,0,0,2654.4,14.710458081244603,0.0
Ömnögovi,Dalanzadgad,43.574898,104.428695,2017,9,15.92,-3.5,15.533,0.0,2.7,20.681,7.2,14.639,0.0,24.0,24.868,11.8,15.565,0.0,16.4,0,-11.2665,16.31,17.3,0,0,0,2654.4,14.710458081244603,0.0
Ömnögovi,Dalanzadgad,43.574898,104.428695,2017,10,5.468,-10.9,12.342,3.15,4.5,15.92,-3.5,15.533,0.0,2.7,20.681,7.2,14.639,0.0,24.0,0,-17.071,19.46,15.5,0,0,0,2654.4,14.710458081244603,0.0
Ömnögovi,Dalanzadgad,43.574898,104.428695,2017,11,-4.05,-17.8,12.547,0.35,0.5,5.468,-10.9,12.342,3.15,4.5,15.92,-3.5,15.533,0.0,2.7,1,-24.073500000000003,19.81,19.5,0,0,0,2654.4,14.710458081244603,0.0
Ömnögovi,Dalanzadgad,43.574898,104.428695,2017,12,-9.387,-19.6,11.355,0.14,0.2,-4.05,-17.8,12.547,0.35,0.5,5.468,-10.9,12.342,3.15,4.5,1,-25.277500000000003,19.95,19.8,0,0,0,2654.4,14.710458081244603,0.0
Ömnögovi,Dalanzadgad,43.574898,104.428695,2018,1,-16.055,-30.0,11.716,1.68,2.4,-9.387,-19.6,11.355,0.14,0.2,-4.05,-17.8,12.547,0.35,0.5,1,-35.858,1.68,17.6,1,0,0,2598.4,-2.1097046413502074,0.0
Ömnögovi,Dalanzadgad,43.574898,104.428695,2018,2,-8.964,-23.2,13.604,0.49,0.7,-16.055,-30.0,11.716,1.68,2.4,-9.387,-19.6,11.355,0.14,0.2,1,-30.002,2.17,19.3,0,0,0,2598.4,-2.1097046413502074,0.0
Ömnögovi,Dalanzadgad,43.574898,104.428695,2018,3,4.91,-11.6,16.603,1.96,2.8,-8.964,-23.2,13.604,0.49,0.7,-16.055,-30.0,11.716,1.68,2.4,1,-19.9015,4.13,17.2,0,0,0,2598.4,-2.1097046413502074,0.0
Ömnögovi,Dalanzadgad,43.574898,104.428695,2018,4,9.627,-9.3,18.86,2.73,9.4,4.91,-11.6,16.603,1.96,2.8,-8.964,-23.2,13.604,0.49,0.7,0,-18.73,6.859999999999999,10.6,0,1,0,2598.4,-2.1097046413502074,0.0
Ömnögovi,Dalanzadgad,43.574898,104.428695,2018,5,17.219,1.5,19.339,0.0,5.2,9.627,-9.3,18.86,2.73,9.4,4.91,-11.6,16.603,1.96,2.8,0,-8.1695,6.859999999999999,14.8,0,1,0,2598.4,-2.1097046413502074,0.0
Ömnögovi,Dalanzadgad,43.574898,104.428695,2018,6,22.013,7.8,16.247,0.0,4.1,17.219,1.5,19.339,0.0,5.2,9.627,-9.3,18.86,2.73,9.4,0,-0.3235000000000001,6.859999999999999,15.9,0,0,0,2598.4,-2.1097046413502074,0.0
Ömnögovi,Dalanzadgad,43.574898,104.428695,2018,7,22.503,11.7,14.781,0.0,55.2,22.013,7.8,16.247,0.0,4.1,17.219,1.5,19.339,0.0,5.2,0,4.309499999999999,6.859999999999999,-35.2,0,0,0,2598.4,-2.1097046413502074,0.0
Ömnögovi,Dalanzadgad,43.574898,104.428695,2018,8,20.345,10.1,12.084,0.0,73.5,22.503,11.7,14.781,0.0,55.2,22.013,7.8,16.247,0.0,4.1,0,4.058,6.859999999999999,-53.5,0,0,0,2598.4,-2.1097046413502074,0.0
Ömnögovi,Dalanzadgad,43.574898,104.428695,2018,9,12.187,-1.0,17.687,1.19,9.4,20.345,10.1,12.084,0.0,73.5,22.503,11.7,14.781,0.0,55.2,0,-9.8435,8.05,10.6,0,0,0,2598.4,-2.1097046413502074,0.0
Ömnögovi,Dalanzadgad,43.574898,104.428695,2018,10,5.061,-6.7,13.955,0.0,0.0,12.187,-1.0,17.687,1.19,9.4,20.345,10.1,12.084,0.0,73.5,0,-13.6775,8.05,20.0,0,0,0,2598.4,-2.1097046413502074,0.0
Ömnögovi,Dalanzadgad,43.574898,104.428695,2018,11,-3.877,-16.1,9.867,1.96,2.9,5.061,-6.7,13.955,0.0,0.0,12.187,-1.0,17.687,1.19,9.4,1,-21.033500000000004,10.01,17.1,0,0,0,2598.4,-2.1097046413502074,0.0
Ömnögovi,Dalanzadgad,43.574898,104.428695,2018,12,-15.445,-29.8,11.158,0.14,0.2,-3.877,-16.1,9.867,1.96,2.9,5.061,-6.7,13.955,0.0,0.0,1,-35.379,10.15,19.8,1,0,0,2598.4,-2.1097046413502074,0.0
Ömnögovi,Dalanzadgad,43.574898,104.428695,2019,1,-12.642,-26.3,10.303,0.14,0.2,-15.445,-29.8,11.158,0.14,0.2,-3.877,-16.1,9.867,1.96,2.9,1,-31.451500000000003,0.14,19.8,1,0,0,3000.3,15.467210591133007,0.0
Ömnögovi,Dalanzadgad,43.574898,104.428695,2019,2,-12.393,-25.9,10.286,4.2,6.0,-12.642,-26.3,10.303,0.14,0.2,-15.445,-29.8,11.158,0.14,0.2,1,-31.043,4.34,14.0,1,0,0,3000.3,15.467210591133007,0.0
Ömnögovi,Dalanzadgad,43.574898,104.428695,2019,3,0.481,-12.6,15.532,3.08,4.5,-12.393,-25.9,10.286,4.2,6.0,-12.642,-26.3,10.303,0.14,0.2,1,-20.366,7.42,15.5,0,0,0,3000.3,15.467210591133007,0.0
Ömnögovi,Dalanzadgad,43.574898,104.428695,2019,4,10.413,-3.5,17.33,0.07,3.1,0.481,-12.6,15.532,3.08,4.5,-12.393,-25.9,10.286,4.2,6.0,0,-12.165,7.49,16.9,0,0,0,3000.3,15.467210591133007,0.0
Ömnögovi,Dalanzadgad,43.574898,104.428695,2019,5,12.61,-5.6,18.194,19.04,39.8,10.413,-3.5,17.33,0.07,3.1,0.481,-12.6,15.532,3.08,4.5,0,-14.697,26.53,-19.799999999999997,0,1,1,3000.3,15.467210591133007,0.0
Ömnögovi,Dalanzadgad,43.574898,104.428695,2019,6,21.34,9.1,17.53,0.0,5.0,12.61,-5.6,18.194,19.04,39.8,10.413,-3.5,17.33,0.07,3.1,0,0.3349999999999991,26.53,15.0,0,0,0,3000.3,15.467210591133007,0.0
Ömnögovi,Dalanzadgad,43.574898,104.428695,2019,7,23.539,11.8,15.532,0.0,8.5,21.34,9.1,17.53,0.0,5.0,12.61,-5.6,18.194,19.04,39.8,0,4.034000000000001,26.53,11.5,0,0,0,3000.3,15.467210591133007,0.0
Ömnögovi,Dalanzadgad,43.574898,104.428695,2019,8,20.719,8.9,14.439,0.0,24.5,23.539,11.8,15.532,0.0,8.5,21.34,9.1,17.53,0.0,5.0,0,1.6805000000000003,26.53,-4.5,0,0,0,3000.3,15.467210591133007,0.0
Ömnögovi,Dalanzadgad,43.574898,104.428695,2019,9,18.343,3.5,14.397,0.0,11.5,20.719,8.9,14.439,0.0,24.5,23.539,11.8,15.532,0.0,8.5,0,-3.6985,26.53,8.5,0,0,0,3000.3,15.467210591133007,0.0
Ömnögovi,Dalanzadgad,43.574898,104.428695,2019,10,5.284,-10.9,13.045,7.98,12.1,18.343,3.5,14.397,0.0,11.5,20.719,8.9,14.439,0.0,24.5,0,-17.4225,34.510000000000005,7.9,0,0,0,3000.3,15.467210591133007,0.0
Ömnögovi,Dalanzadgad,43.574898,104.428695,2019,11,-3.433,-20.5,11.513,0.56,0.8,5.284,-10.9,13.045,7.98,12.1,18.343,3.5,14.397,0.0,11.5,1,-26.2565,35.07,19.2,0,0,0,3000.3,15.467210591133007,0.0
Ömnögovi,Dalanzadgad,43.574898,104.428695,2019,12,-9.939,-27.1,9.948,0.91,1.3,-3.433,-20.5,11.513,0.56,0.8,5.284,-10.9,13.045,7.98,12.1,1,-32.074,35.980000000000004,18.7,1,0,0,3000.3,15.467210591133007,0.0
Ömnögovi,Dalanzadgad,43.574898,104.428695,2020,1,-9.777,-21.9,9.681,0.84,1.2,-9.939,-27.1,9.948,0.91,1.3,-3.433,-20.5,11.513,0.56,0.8,1,-26.740499999999997,0.84,18.8,0,0,0,2880.8,-3.9829350398293495,0.0
Ömnögovi,Dalanzadgad,43.574898,104.428695,2020,2,-5.397,-22.0,11.631,5.67,8.0,-9.777,-21.9,9.681,0.84,1.2,-9.939,-27.1,9.948,0.91,1.3,1,-27.8155,6.51,12.0,0,0,0,2880.8,-3.9829350398293495,0.0
Ömnögovi,Dalanzadgad,43.574898,104.428695,2020,3,0.887,-15.6,15.684,3.57,5.2,-5.397,-22.0,11.631,5.67,8.0,-9.777,-21.9,9.681,0.84,1.2,1,-23.442,10.08,14.8,0,0,0,2880.8,-3.9829350398293495,0.0
Ömnögovi,Dalanzadgad,43.574898,104.428695,2020,4,9.4,-7.8,15.743,0.49,1.4,0.887,-15.6,15.684,3.57,5.2,-5.397,-22.0,11.631,5.67,8.0,0,-15.6715,10.57,18.6,0,0,0,2880.8,-3.9829350398293495,0.0
Ömnögovi,Dalanzadgad,43.574898,104.428695,2020,5,14.503,0.9,19.045,3.08,22.4,9.4,-7.8,15.743,0.49,1.4,0.887,-15.6,15.684,3.57,5.2,0,-8.6225,13.649999999999999,-2.3999999999999986,0,1,0,2880.8,-3.9829350398293495,0.0
Ömnögovi,Dalanzadgad,43.574898,104.428695,2020,6,21.343,7.6,17.97,0.0,1.2,14.503,0.9,19.045,3.08,22.4,9.4,-7.8,15.743,0.49,1.4,0,-1.3849999999999998,13.649999999999999,18.8,0,0,0,2880.8,-3.9829350398293495,0.0
Ömnögovi,Dalanzadgad,43.574898,104.428695,2020,7,23.594,12.6,13.968,0.0,14.3,21.343,7.6,17.97,0.0,1.2,14.503,0.9,19.045,3.08,22.4,0,5.616,13.649999999999999,5.699999999999999,0,0,0,2880.8,-3.9829350398293495,1.0
Ömnögovi,Dalanzadgad,43.574898,104.428695,2020,8,20.735,11.0,15.465,0.0,30.7,23.594,12.6,13.968,0.0,14.3,21.343,7.6,17.97,0.0,1.2,0,3.2675,13.649999999999999,-10.7,0,0,0,2880.8,-3.9829350398293495,1.0
Ömnögovi,Dalanzadgad,43.574898,104.428695,2020,9,15.277,2.5,14.51,0.0,9.4,20.735,11.0,15.465,0.0,30.7,23.594,12.6,13.968,0.0,14.3,0,-4.755,13.649999999999999,10.6,0,0,0,2880.8,-3.9829350398293495,1.0
Ömnögovi,Dalanzadgad,43.574898,104.428695,2020,10,3.919,-7.0,13.168,0.91,1.2,15.277,2.5,14.51,0.0,9.4,20.735,11.0,15.465,0.0,30.7,0,-13.584,14.559999999999999,18.8,0,0,0,2880.8,-3.9829350398293495,1.0
Ömnögovi,Dalanzadgad,43.574898,104.428695,2020,11,-3.29,-19.2,11.327,3.36,4.8,3.919,-7.0,13.168,0.91,1.2,15.277,2.5,14.51,0.0,9.4,1,-24.8635,17.919999999999998,15.2,0,0,0,2880.8,-3.9829350398293495,1.0
Ömnögovi,Dalanzadgad,43.574898,104.428695,2020,12,-16.01,-29.1,9.535,0.49,0.7,-3.29,-19.2,11.327,3.36,4.8,3.919,-7.0,13.168,0.91,1.2,1,-33.8675,18.41,19.3,1,0,0,2880.8,-3.9829350398293495,1.0
Ömnögovi,Dalanzadgad,43.574898,104.428695,2021,1,-12.371,-29.2,13.21,0.07,0.1,-16.01,-29.1,9.535,0.49,0.7,-3.29,-19.2,11.327,3.36,4.8,1,-35.805,0.07,19.9,1,0,0,2513.8,-12.739516800888639,1.0
Ömnögovi,Dalanzadgad,43.574898,104.428695,2021,2,-2.711,-20.8,13.032,1.54,2.3,-12.371,-29.2,13.21,0.07,0.1,-16.01,-29.1,9.535,0.49,0.7,1,-27.316000000000003,1.61,17.7,0,0,0,2513.8,-12.739516800888639,1.0
Ömnögovi,Dalanzadgad,43.574898,104.428695,2021,3,3.068,-12.6,14.852,1.12,1.6,-2.711,-20.8,13.032,1.54,2.3,-12.371,-29.2,13.21,0.07,0.1,1,-20.026,2.7300000000000004,18.4,0,0,0,2513.8,-12.739516800888639,1.0
Ömnögovi,Dalanzadgad,43.574898,104.428695,2021,4,8.2,-6.3,19.127,2.66,10.9,3.068,-12.6,14.852,1.12,1.6,-2.711,-20.8,13.032,1.54,2.3,0,-15.863499999999998,5.390000000000001,9.1,0,1,0,2513.8,-12.739516800888639,1.0
Ömnögovi,Dalanzadgad,43.574898,104.428695,2021,5,14.274,-2.5,22.597,0.0,4.6,8.2,-6.3,19.127,2.66,10.9,3.068,-12.6,14.852,1.12,1.6,0,-13.7985,5.390000000000001,15.4,0,1,0,2513.8,-12.739516800888639,1.0
Ömnögovi,Dalanzadgad,43.574898,104.428695,2021,6,20.113,3.0,17.753,0.0,12.8,14.274,-2.5,22.597,0.0,4.6,8.2,-6.3,19.127,2.66,10.9,0,-5.8765,5.390000000000001,7.199999999999999,0,0,0,2513.8,-12.739516800888639,1.0
Ömnögovi,Dalanzadgad,43.574898,104.428695,2021,7,22.168,11.4,13.148,0.0,73.9,20.113,3.0,17.753,0.0,12.8,14.274,-2.5,22.597,0.0,4.6,0,4.8260000000000005,5.390000000000001,-53.900000000000006,0,0,0,2513.8,-12.739516800888639,0.0
Ömnögovi,Dalanzadgad,43.574898,104.428695,2021,8,19.29,6.8,16.735,0.0,5.7,22.168,11.4,13.148,0.0,73.9,20.113,3.0,17.753,0.0,12.8,0,-1.5675,5.390000000000001,14.3,0,0,0,2513.8,-12.739516800888639,0.0
Ömnögovi,Dalanzadgad,43.574898,104.428695,2021,9,16.343,2.6,15.023,0.0,13.7,19.29,6.8,16.735,0.0,5.7,22.168,11.4,13.148,0.0,73.9,0,-4.9115,5.390000000000001,6.300000000000001,0,0,0,2513.8,-12.739516800888639,0.0
Ömnögovi,Dalanzadgad,43.574898,104.428695,2021,10,5.255,-6.6,12.481,0.0,0.8,16.343,2.6,15.023,0.0,13.7,19.29,6.8,16.735,0.0,5.7,0,-12.840499999999999,5.390000000000001,19.2,0,0,0,2513.8,-12.739516800888639,0.0
Ömnögovi,Dalanzadgad,43.574898,104.428695,2021,11,-3.107,-15.9,12.737,4.34,6.2,5.255,-6.6,12.481,0.0,0.8,16.343,2.6,15.023,0.0,13.7,1,-22.2685,9.73,13.8,0,0,0,2513.8,-12.739516800888639,0.0
Ömnögovi,Dalanzadgad,43.574898,104.428695,2021,12,-8.903,-21.9,10.606,1.12,1.5,-3.107,-15.9,12.737,4.34,6.2,5.255,-6.6,12.481,0.0,0.8,1,-27.203,10.850000000000001,18.5,0,0,0,2513.8,-12.739516800888639,0.0
Ömnögovi,Dalanzadgad,43.574898,104.428695,2022,1,-11.097,-20.0,10.532,1.05,1.5,-8.903,-21.9,10.606,1.12,1.5,-3.107,-15.9,12.737,4.34,6.2,1,-25.266,1.05,18.5,0,0,0,2637.3,4.912880897446104,0.0
Ömnögovi,Dalanzadgad,43.574898,104.428695,2022,2,-10.925,-20.3,10.529,4.34,6.2,-11.097,-20.0,10.532,1.05,1.5,-8.903,-21.9,10.606,1.12,1.5,1,-25.564500000000002,5.39,13.8,0,0,0,2637.3,4.912880897446104,0.0
Ömnögovi,Dalanzadgad,43.574898,104.428695,2022,3,1.306,-12.4,16.29,0.98,1.7,-10.925,-20.3,10.529,4.34,6.2,-11.097,-20.0,10.532,1.05,1.5,1,-20.545,6.369999999999999,18.3,0,0,0,2637.3,4.912880897446104,0.0
Ömnögovi,Dalanzadgad,43.574898,104.428695,2022,4,8.16,-5.4,19.397,7.21,14.0,1.306,-12.4,16.29,0.98,1.7,-10.925,-20.3,10.529,4.34,6.2,0,-15.0985,13.58,6.0,0,1,0,2637.3,4.912880897446104,0.0
Ömnögovi,Dalanzadgad,43.574898,104.428695,2022,5,15.51,-0.4,17.8,0.14,4.9,8.16,-5.4,19.397,7.21,14.0,1.306,-12.4,16.29,0.98,1.7,0,-9.3,13.72,15.1,0,0,0,2637.3,4.912880897446104,0.0
Ömnögovi,Dalanzadgad,43.574898,104.428695,2022,6,22.113,7.2,17.57,0.0,12.8,15.51,-0.4,17.8,0.14,4.9,8.16,-5.4,19.397,7.21,14.0,0,-1.585,13.72,7.199999999999999,0,0,0,2637.3,4.912880897446104,0.0
Ömnögovi,Dalanzadgad,43.574898,104.428695,2022,7,22.839,11.6,15.519,0.0,19.8,22.113,7.2,17.57,0.0,12.8,15.51,-0.4,17.8,0.14,4.9,0,3.8404999999999996,13.72,0.1999999999999993,0,0,0,2637.3,4.912880897446104,1.0
Ömnögovi,Dalanzadgad,43.574898,104.428695,2022,8,22.397,6.6,15.352,0.0,6.8,22.839,11.6,15.519,0.0,19.8,22.113,7.2,17.57,0.0,12.8,0,-1.0760000000000005,13.72,13.2,0,0,0,2637.3,4.912880897446104,1.0
Ömnögovi,Dalanzadgad,43.574898,104.428695,2022,9,17.467,3.1,15.867,0.49,14.2,22.397,6.6,15.352,0.0,6.8,22.839,11.6,15.519,0.0,19.8,0,-4.833500000000001,14.21,5.800000000000001,0,0,0,2637.3,4.912880897446104,1.0
Ömnögovi,Dalanzadgad,43.574898,104.428695,2022,10,4.994,-6.8,13.277,5.67,10.5,17.467,3.1,15.867,0.49,14.2,22.397,6.6,15.352,0.0,6.8,0,-13.4385,19.88,9.5,0,0,0,2637.3,4.912880897446104,1.0
Ömnögovi,Dalanzadgad,43.574898,104.428695,2022,11,-3.167,-27.4,10.76,3.85,5.5,4.994,-6.8,13.277,5.67,10.5,17.467,3.1,15.867,0.49,14.2,1,-32.78,23.73,14.5,1,0,0,2637.3,4.912880897446104,1.0
Ömnögovi,Dalanzadgad,43.574898,104.428695,2022,12,-13.481,-24.2,12.339,0.07,0.1,-3.167,-27.4,10.76,3.85,5.5,4.994,-6.8,13.277,5.67,10.5,1,-30.3695,23.8,19.9,0,0,0,2637.3,4.912880897446104,1.0
Ömnögovi,Dalanzadgad,43.574898,104.428695,2023,1,-12.058,-29.7,11.132,2.24,3.1,-13.481,-24.2,12.339,0.07,0.1,-3.167,-27.4,10.76,3.85,5.5,1,-35.266,2.24,16.9,1,0,0,2042.0,-22.57232775945096,1.0
Ömnögovi,Dalanzadgad,43.574898,104.428695,2023,2,-5.346,-16.5,9.668,4.55,6.4,-12.058,-29.7,11.132,2.24,3.1,-13.481,-24.2,12.339,0.07,0.1,1,-21.334,6.79,13.6,0,0,0,2042.0,-22.57232775945096,1.0
Ömnögovi,Dalanzadgad,43.574898,104.428695,2023,3,2.206,-14.6,15.245,0.07,0.5,-5.346,-16.5,9.668,4.55,6.4,-12.058,-29.7,11.132,2.24,3.1,1,-22.2225,6.86,19.5,0,0,0,2042.0,-22.57232775945096,1.0
Ömnögovi,Dalanzadgad,43.574898,104.428695,2023,4,6.03,-12.7,19.64,0.98,5.0,2.206,-14.6,15.245,0.07,0.5,-5.346,-16.5,9.668,4.55,6.4,0,-22.52,7.84,15.0,0,1,0,2042.0,-22.57232775945096,1.0
Ömnögovi,Dalanzadgad,43.574898,104.428695,2023,5,13.806,0.2,19.177,0.0,7.6,6.03,-12.7,19.64,0.98,5.0,2.206,-14.6,15.245,0.07,0.5,0,-9.3885,7.84,12.4,0,1,0,2042.0,-22.57232775945096,1.0
Ömnögovi,Dalanzadgad,43.574898,104.428695,2023,6,22.273,5.0,16.133,0.0,3.6,13.806,0.2,19.177,0.0,7.6,6.03,-12.7,19.64,0.98,5.0,0,-3.0664999999999996,7.84,16.4,0,0,0,2042.0,-22.57232775945096,1.0
Ömnögovi,Dalanzadgad,43.574898,104.428695,2023,7,23.158,11.9,16.803,0.0,51.6,22.273,5.0,16.133,0.0,3.6,13.806,0.2,19.177,0.0,7.6,0,3.4985,7.84,-31.6,0,0,0,2042.0,-22.57232775945096,0.0
Ömnögovi,Dalanzadgad,43.574898,104.428695,2023,8,23.316,10.6,13.684,0.0,1.7,23.158,11.9,16.803,0.0,51.6,22.273,5.0,16.133,0.0,3.6,0,3.758,7.84,18.3,0,0,0,2042.0,-22.57232775945096,0.0
Ömnögovi,Dalanzadgad,43.574898,104.428695,2023,9,16.363,-0.2,14.227,0.0,9.1,23.316,10.6,13.684,0.0,1.7,23.158,11.9,16.803,0.0,51.6,0,-7.3135,7.84,10.9,0,0,0,2042.0,-22.57232775945096,0.0
Ömnögovi,Dalanzadgad,43.574898,104.428695,2023,10,9.658,-0.2,11.384,0.07,1.7,16.363,-0.2,14.227,0.0,9.1,23.316,10.6,13.684,0.0,1.7,0,-5.892,7.91,18.3,0,0,0,2042.0,-22.57232775945096,0.0
Ömnögovi,Dalanzadgad,43.574898,104.428695,2023,11,-4.08,-19.4,13.867,3.29,4.7,9.658,-0.2,11.384,0.07,1.7,16.363,-0.2,14.227,0.0,9.1,1,-26.3335,11.2,15.3,0,0,0,2042.0,-22.57232775945096,0.0
Ömnögovi,Dalanzadgad,43.574898,104.428695,2023,12,-11.003,-26.4,12.926,4.48,6.4,-4.08,-19.4,13.867,3.29,4.7,9.658,-0.2,11.384,0.07,1.7,1,-32.863,15.68,13.6,1,0,0,2042.0,-22.57232775945096,0.0
Ömnögovi,Dalanzadgad,43.574898,104.428695,2024,1,-11.7,-22.1,10.326,3.85,5.6,-11.003,-26.4,12.926,4.48,6.4,-4.08,-19.4,13.867,3.29,4.7,1,-27.263,3.85,14.4,0,0,0,1970.1,-3.521057786483839,0.0
Ömnögovi,Dalanzadgad,43.574898,104.428695,2024,2,-10.028,-22.9,12.9,1.89,2.5,-11.7,-22.1,10.326,3.85,5.6,-11.003,-26.4,12.926,4.48,6.4,1,-29.349999999999998,5.74,17.5,0,0,0,1970.1,-3.521057786483839,0.0
Ömnögovi,Dalanzadgad,43.574898,104.428695,2024,3,1.71,-13.9,14.258,0.63,1.4,-10.028,-22.9,12.9,1.89,2.5,-11.7,-22.1,10.326,3.85,5.6,1,-21.029,6.37,18.6,0,0,0,1970.1,-3.521057786483839,0.0
Ömnögovi,Dalanzadgad,43.574898,104.428695,2024,4,9.237,-1.6,17.673,7.56,26.3,1.71,-13.9,14.258,0.63,1.4,-10.028,-22.9,12.9,1.89,2.5,0,-10.436499999999999,13.93,-6.300000000000001,0,0,0,1970.1,-3.521057786483839,0.0
Ömnögovi,Dalanzadgad,43.574898,104.428695,2024,5,18.861,5.9,16.287,0.0,5.9,9.237,-1.6,17.673,7.56,26.3,1.71,-13.9,14.258,0.63,1.4,0,-2.243499999999999,13.93,14.1,0,0,0,1970.1,-3.521057786483839,0.0
Ömnögovi,Dalanzadgad,43.574898,104.428695,2024,6,21.643,9.8,16.387,0.0,15.3,18.861,5.9,16.287,0.0,5.9,9.237,-1.6,17.673,7.56,26.3,0,1.6065000000000005,13.93,4.699999999999999,0,0,0,1970.1,-3.521057786483839,0.0
Ömnögovi,Noyon,42.775896,102.372763,2016,1,-13.697,-24.5,12.645,0.84,0.5,-8.661,-19.3,12.755,0.49,0.7,-1.783,-16.3,12.16,3.78,4.3,1,-30.822499999999998,0.84,19.5,0,0,0,2314.0,12.559587508512493,0.0
Ömnögovi,Noyon,42.775896,102.372763,2016,2,-7.117,-21.2,13.776,0.0,0.1,-13.697,-24.5,12.645,0.84,0.5,-8.661,-19.3,12.755,0.49,0.7,1,-28.088,0.84,19.9,0,0,0,2314.0,12.559587508512493,0.0
Ömnögovi,Noyon,42.775896,102.372763,2016,3,2.648,-16.3,17.671,0.0,0.7,-7.117,-21.2,13.776,0.0,0.1,-13.697,-24.5,12.645,0.84,0.5,1,-25.1355,0.84,19.3,0,0,0,2314.0,12.559587508512493,0.0
Ömnögovi,Noyon,42.775896,102.372763,2016,4,11.883,-2.7,19.157,0.0,0.1,2.648,-16.3,17.671,0.0,0.7,-7.117,-21.2,13.776,0.0,0.1,0,-12.278500000000001,0.84,19.9,0,1,0,2314.0,12.559587508512493,0.0
Ömnögovi,Noyon,42.775896,102.372763,2016,5,15.09,-1.1,17.813,0.0,4.1,11.883,-2.7,19.157,0.0,0.1,2.648,-16.3,17.671,0.0,0.7,0,-10.006499999999999,0.84,15.9,0,0,0,2314.0,12.559587508512493,0.0
Ömnögovi,Noyon,42.775896,102.372763,2016,6,20.443,8.8,18.3,0.0,23.2,15.09,-1.1,17.813,0.0,4.1,11.883,-2.7,19.157,0.0,0.1,0,-0.34999999999999964,0.84,-3.1999999999999993,0,1,0,2314.0,12.559587508512493,0.0
Ömnögovi,Noyon,42.775896,102.372763,2016,7,26.5,13.9,15.755,0.0,5.7,20.443,8.8,18.3,0.0,23.2,15.09,-1.1,17.813,0.0,4.1,0,6.0225,0.84,14.3,0,0,0,2314.0,12.559587508512493,0.0
Ömnögovi,Noyon,42.775896,102.372763,2016,8,25.358,11.3,15.361,0.0,12.0,26.5,13.9,15.755,0.0,5.7,20.443,8.8,18.3,0.0,23.2,0,3.6195000000000004,0.84,8.0,0,0,0,2314.0,12.559587508512493,0.0
Ömnögovi,Noyon,42.775896,102.372763,2016,9,18.223,2.1,14.457,0.0,5.4,25.358,11.3,15.361,0.0,12.0,26.5,13.9,15.755,0.0,5.7,0,-5.128500000000001,0.84,14.6,0,0,0,2314.0,12.559587508512493,0.0
Ömnögovi,Noyon,42.775896,102.372763,2016,10,7.071,-12.4,16.048,0.07,0.9,18.223,2.1,14.457,0.0,5.4,25.358,11.3,15.361,0.0,12.0,0,-20.424,0.9099999999999999,19.1,0,0,0,2314.0,12.559587508512493,0.0
Ömnögovi,Noyon,42.775896,102.372763,2016,11,-2.737,-19.7,16.26,0.07,0.0,7.071,-12.4,16.048,0.07,0.9,18.223,2.1,14.457,0.0,5.4,1,-27.83,0.98,20.0,0,0,0,2314.0,12.559587508512493,0.0
Ömnögovi,Noyon,42.775896,102.372763,2016,12,-7.226,-18.5,11.59,0.7,0.4,-2.737,-19.7,16.26,0.07,0.0,7.071,-12.4,16.048,0.07,0.9,1,-24.295,1.68,19.6,0,0,0,2314.0,12.559587508512493,0.0
Ömnögovi,Noyon,42.775896,102.372763,2017,1,-11.445,-23.8,14.429,0.56,0.8,-7.226,-18.5,11.59,0.7,0.4,-2.737,-19.7,16.26,0.07,0.0,1,-31.0145,0.56,19.2,0,0,0,2654.4,14.710458081244603,0.0
Ömnögovi,Noyon,42.775896,102.372763,2017,2,-4.893,-17.8,14.129,2.03,3.1,-11.445,-23.8,14.429,0.56,0.8,-7.226,-18.5,11.59,0.7,0.4,1,-24.8645,2.59,16.9,0,0,0,2654.4,14.710458081244603,0.0
Ömnögovi,Noyon,42.775896,102.372763,2017,3,0.765,-9.3,17.116,3.92,20.1,-4.893,-17.8,14.129,2.03,3.1,-11.445,-23.8,14.429,0.56,0.8,1,-17.858,6.51,-0.10000000000000142,0,0,0,2654.4,14.710458081244603,0.0
Ömnögovi,Noyon,42.775896,102.372763,2017,4,11.197,0.1,17.593,0.0,2.7,0.765,-9.3,17.116,3.92,20.1,-4.893,-17.8,14.129,2.03,3.1,0,-8.6965,6.51,17.3,0,0,0,2654.4,14.710458081244603,0.0
Ömnögovi,Noyon,42.775896,102.372763,2017,5,18.123,-4.8,20.716,0.21,7.2,11.197,0.1,17.593,0.0,2.7,0.765,-9.3,17.116,3.92,20.1,0,-15.158000000000001,6.72,12.8,0,1,0,2654.4,14.710458081244603,0.0
Ömnögovi,Noyon,42.775896,102.372763,2017,6,23.57,11.1,17.69,0.0,4.2,18.123,-4.8,20.716,0.21,7.2,11.197,0.1,17.593,0.0,2.7,0,2.254999999999999,6.72,15.8,0,0,0,2654.4,14.710458081244603,0.0
Ömnögovi,Noyon,42.775896,102.372763,2017,7,26.158,13.5,17.49,0.0,8.1,23.57,11.1,17.69,0.0,4.2,18.123,-4.8,20.716,0.21,7.2,0,4.755000000000001,6.72,11.9,0,0,0,2654.4,14.710458081244603,0.0
Ömnögovi,Noyon,42.775896,102.372763,2017,8,22.597,9.5,16.152,0.0,13.0,26.158,13.5,17.49,0.0,8.1,23.57,11.1,17.69,0.0,4.2,0,1.4239999999999995,6.72,7.0,0,0,0,2654.4,14.710458081244603,0.0
Ömnögovi,Noyon,42.775896,102.372763,2017,9,17.343,1.2,16.76,0.0,5.5,22.597,9.5,16.152,0.0,13.0,26.158,13.5,17.49,0.0,8.1,0,-7.180000000000001,6.72,14.5,0,0,0,2654.4,14.710458081244603,0.0
Ömnögovi,Noyon,42.775896,102.372763,2017,10,6.474,-10.6,14.426,0.14,0.3,17.343,1.2,16.76,0.0,5.5,22.597,9.5,16.152,0.0,13.0,0,-17.813,6.859999999999999,19.7,0,0,0,2654.4,14.710458081244603,0.0
Ömnögovi,Noyon,42.775896,102.372763,2017,11,-3.667,-15.6,16.73,0.0,0.0,6.474,-10.6,14.426,0.14,0.3,17.343,1.2,16.76,0.0,5.5,1,-23.965,6.859999999999999,20.0,0,0,0,2654.4,14.710458081244603,0.0
Ömnögovi,Noyon,42.775896,102.372763,2017,12,-9.977,-20.2,13.465,0.0,0.0,-3.667,-15.6,16.73,0.0,0.0,6.474,-10.6,14.426,0.14,0.3,1,-26.932499999999997,6.859999999999999,20.0,0,0,0,2654.4,14.710458081244603,0.0
Ömnögovi,Noyon,42.775896,102.372763,2018,1,-15.135,-26.3,15.435,1.61,2.4,-9.977,-20.2,13.465,0.0,0.0,-3.667,-15.6,16.73,0.0,0.0,1,-34.0175,1.61,17.6,1,0,0,2598.4,-2.1097046413502074,0.0
Ömnögovi,Noyon,42.775896,102.372763,2018,2,-8.036,-23.4,15.411,0.0,0.0,-15.135,-26.3,15.435,1.61,2.4,-9.977,-20.2,13.465,0.0,0.0,1,-31.1055,1.61,20.0,0,0,0,2598.4,-2.1097046413502074,0.0
Ömnögovi,Noyon,42.775896,102.372763,2018,3,6.216,-8.7,19.31,1.26,4.4,-8.036,-23.4,15.411,0.0,0.0,-15.135,-26.3,15.435,1.61,2.4,1,-18.354999999999997,2.87,15.6,0,1,0,2598.4,-2.1097046413502074,0.0
Ömnögovi,Noyon,42.775896,102.372763,2018,4,11.56,-10.1,19.483,0.42,3.5,6.216,-8.7,19.31,1.26,4.4,-8.036,-23.4,15.411,0.0,0.0,0,-19.8415,3.29,16.5,0,1,0,2598.4,-2.1097046413502074,0.0
Ömnögovi,Noyon,42.775896,102.372763,2018,5,17.619,3.5,18.232,0.0,6.8,11.56,-10.1,19.483,0.42,3.5,6.216,-8.7,19.31,1.26,4.4,0,-5.616,3.29,13.2,0,1,0,2598.4,-2.1097046413502074,0.0
Ömnögovi,Noyon,42.775896,102.372763,2018,6,24.043,8.4,16.787,0.0,1.1,17.619,3.5,18.232,0.0,6.8,11.56,-10.1,19.483,0.42,3.5,0,0.0065000000000008384,3.29,18.9,0,0,0,2598.4,-2.1097046413502074,0.0
Ömnögovi,Noyon,42.775896,102.372763,2018,7,24.768,14.1,17.861,0.0,49.6,24.043,8.4,16.787,0.0,1.1,17.619,3.5,18.232,0.0,6.8,0,5.169499999999999,3.29,-29.6,0,0,0,2598.4,-2.1097046413502074,0.0
Ömnögovi,Noyon,42.775896,102.372763,2018,8,22.832,11.8,14.626,0.0,29.3,24.768,14.1,17.861,0.0,49.6,24.043,8.4,16.787,0.0,1.1,0,4.487000000000001,3.29,-9.3,0,0,0,2598.4,-2.1097046413502074,0.0
Ömnögovi,Noyon,42.775896,102.372763,2018,9,13.877,0.0,16.59,0.0,6.9,22.832,11.8,14.626,0.0,29.3,24.768,14.1,17.861,0.0,49.6,0,-8.295,3.29,13.1,0,0,0,2598.4,-2.1097046413502074,0.0
Ömnögovi,Noyon,42.775896,102.372763,2018,10,6.126,-5.8,15.777,0.0,1.8,13.877,0.0,16.59,0.0,6.9,22.832,11.8,14.626,0.0,29.3,0,-13.6885,3.29,18.2,0,0,0,2598.4,-2.1097046413502074,0.0
Ömnögovi,Noyon,42.775896,102.372763,2018,11,-4.103,-15.5,15.41,0.77,1.3,6.126,-5.8,15.777,0.0,1.8,13.877,0.0,16.59,0.0,6.9,1,-23.205,4.0600000000000005,18.7,0,0,0,2598.4,-2.1097046413502074,0.0
Ömnögovi,Noyon,42.775896,102.372763,2018,12,-15.616,-28.0,14.894,1.05,1.4,-4.103,-15.5,15.41,0.77,1.3,6.126,-5.8,15.777,0.0,1.8,1,-35.447,5.11,18.6,1,0,0,2598.4,-2.1097046413502074,0.0
Ömnögovi,Noyon,42.775896,102.372763,2019,1,-12.752,-21.8,13.461,0.0,0.0,-15.616,-28.0,14.894,1.05,1.4,-4.103,-15.5,15.41,0.77,1.3,1,-28.5305,0.0,20.0,0,0,0,3000.3,15.467210591133007,0.0
Ömnögovi,Noyon,42.775896,102.372763,2019,2,-9.954,-21.5,15.068,1.96,2.8,-12.752,-21.8,13.461,0.0,0.0,-15.616,-28.0,14.894,1.05,1.4,1,-29.034,1.96,17.2,0,0,0,3000.3,15.467210591133007,0.0
Ömnögovi,Noyon,42.775896,102.372763,2019,3,2.081,-10.4,15.384,1.68,2.4,-9.954,-21.5,15.068,1.96,2.8,-12.752,-21.8,13.461,0.0,0.0,1,-18.092,3.6399999999999997,17.6,0,0,0,3000.3,15.467210591133007,0.0
Ömnögovi,Noyon,42.775896,102.372763,2019,4,12.583,-1.7,17.603,3.57,6.9,2.081,-10.4,15.384,1.68,2.4,-9.954,-21.5,15.068,1.96,2.8,0,-10.5015,7.21,13.1,0,0,0,3000.3,15.467210591133007,0.0
Ömnögovi,Noyon,42.775896,102.372763,2019,5,14.69,-2.0,19.5,0.28,6.3,12.583,-1.7,17.603,3.57,6.9,2.081,-10.4,15.384,1.68,2.4,0,-11.75,7.49,13.7,0,1,0,3000.3,15.467210591133007,0.0
Ömnögovi,Noyon,42.775896,102.372763,2019,6,22.193,11.2,18.6,0.0,36.9,14.69,-2.0,19.5,0.28,6.3,12.583,-1.7,17.603,3.57,6.9,0,1.8999999999999986,7.49,-16.9,0,1,0,3000.3,15.467210591133007,0.0
Ömnögovi,Noyon,42.775896,102.372763,2019,7,24.545,15.0,17.245,0.0,16.1,22.193,11.2,18.6,0.0,36.9,14.69,-2.0,19.5,0.28,6.3,0,6.3774999999999995,7.49,3.8999999999999986,0,0,0,3000.3,15.467210591133007,0.0
Ömnögovi,Noyon,42.775896,102.372763,2019,8,22.658,13.1,14.952,0.0,19.2,24.545,15.0,17.245,0.0,16.1,22.193,11.2,18.6,0.0,36.9,0,5.624,7.49,0.8000000000000007,0,0,0,3000.3,15.467210591133007,0.0
Ömnögovi,Noyon,42.775896,102.372763,2019,9,19.163,6.2,14.243,0.0,5.1,22.658,13.1,14.952,0.0,19.2,24.545,15.0,17.245,0.0,16.1,0,-0.9215,7.49,14.9,0,0,0,3000.3,15.467210591133007,0.0
Ömnögovi,Noyon,42.775896,102.372763,2019,10,6.855,-7.8,16.406,0.56,2.2,19.163,6.2,14.243,0.0,5.1,22.658,13.1,14.952,0.0,19.2,0,-16.003,8.05,17.8,0,0,0,3000.3,15.467210591133007,0.0
Ömnögovi,Noyon,42.775896,102.372763,2019,11,-2.463,-16.8,17.237,0.0,0.0,6.855,-7.8,16.406,0.56,2.2,19.163,6.2,14.243,0.0,5.1,1,-25.4185,8.05,20.0,0,0,0,3000.3,15.467210591133007,0.0
Ömnögovi,Noyon,42.775896,102.372763,2019,12,-9.613,-23.5,14.542,0.0,0.0,-2.463,-16.8,17.237,0.0,0.0,6.855,-7.8,16.406,0.56,2.2,1,-30.771,8.05,20.0,0,0,0,3000.3,15.467210591133007,0.0
Ömnögovi,Noyon,42.775896,102.372763,2020,1,-9.235,-20.0,12.961,0.56,0.8,-9.613,-23.5,14.542,0.0,0.0,-2.463,-16.8,17.237,0.0,0.0,1,-26.4805,0.56,19.2,0,0,0,2880.8,-3.9829350398293495,0.0
Ömnögovi,Noyon,42.775896,102.372763,2020,2,-4.59,-18.0,14.776,2.52,3.6,-9.235,-20.0,12.961,0.56,0.8,-9.613,-23.5,14.542,0.0,0.0,1,-25.387999999999998,3.08,16.4,0,0,0,2880.8,-3.9829350398293495,0.0
Ömnögovi,Noyon,42.775896,102.372763,2020,3,2.181,-12.9,18.065,1.26,2.1,-4.59,-18.0,14.776,2.52,3.6,-9.235,-20.0,12.961,0.56,0.8,1,-21.9325,4.34,17.9,0,1,0,2880.8,-3.9829350398293495,0.0
Ömnögovi,Noyon,42.775896,102.372763,2020,4,10.863,-5.5,15.667,0.07,0.2,2.181,-12.9,18.065,1.26,2.1,-4.59,-18.0,14.776,2.52,3.6,0,-13.3335,4.41,19.8,0,0,0,2880.8,-3.9829350398293495,0.0
Ömnögovi,Noyon,42.775896,102.372763,2020,5,16.758,5.1,19.49,0.0,7.5,10.863,-5.5,15.667,0.07,0.2,2.181,-12.9,18.065,1.26,2.1,0,-4.645,4.41,12.5,0,1,0,2880.8,-3.9829350398293495,0.0
Ömnögovi,Noyon,42.775896,102.372763,2020,6,22.953,11.0,17.483,0.0,2.7,16.758,5.1,19.49,0.0,7.5,10.863,-5.5,15.667,0.07,0.2,0,2.2584999999999997,4.41,17.3,0,0,0,2880.8,-3.9829350398293495,0.0
Ömnögovi,Noyon,42.775896,102.372763,2020,7,25.49,13.7,16.935,0.0,5.7,22.953,11.0,17.483,0.0,2.7,16.758,5.1,19.49,0.0,7.5,0,5.2325,4.41,14.3,0,0,0,2880.8,-3.9829350398293495,1.0
Ömnögovi,Noyon,42.775896,102.372763,2020,8,22.765,10.1,18.113,0.0,8.8,25.49,13.7,16.935,0.0,5.7,22.953,11.0,17.483,0.0,2.7,0,1.0434999999999999,4.41,11.2,0,1,0,2880.8,-3.9829350398293495,1.0
Ömnögovi,Noyon,42.775896,102.372763,2020,9,17.273,4.1,15.98,0.0,7.9,22.765,10.1,18.113,0.0,8.8,25.49,13.7,16.935,0.0,5.7,0,-3.8900000000000006,4.41,12.1,0,0,0,2880.8,-3.9829350398293495,1.0
Ömnögovi,Noyon,42.775896,102.372763,2020,10,4.59,-5.7,16.487,0.0,0.2,17.273,4.1,15.98,0.0,7.9,22.765,10.1,18.113,0.0,8.8,0,-13.9435,4.41,19.8,0,0,0,2880.8,-3.9829350398293495,1.0
Ömnögovi,Noyon,42.775896,102.372763,2020,11,-2.813,-19.0,13.9,4.2,6.7,4.59,-5.7,16.487,0.0,0.2,17.273,4.1,15.98,0.0,7.9,1,-25.95,8.61,13.3,0,0,0,2880.8,-3.9829350398293495,1.0
Ömnögovi,Noyon,42.775896,102.372763,2020,12,-16.555,-27.0,14.152,0.35,0.5,-2.813,-19.0,13.9,4.2,6.7,4.59,-5.7,16.487,0.0,0.2,1,-34.076,8.96,19.5,1,0,0,2880.8,-3.9829350398293495,1.0
Ömnögovi,Noyon,42.775896,102.372763,2021,1,-12.229,-27.0,17.694,0.07,0.1,-16.555,-27.0,14.152,0.35,0.5,-2.813,-19.0,13.9,4.2,6.7,1,-35.847,0.07,19.9,1,0,0,2513.8,-12.739516800888639,1.0
Ömnögovi,Noyon,42.775896,102.372763,2021,2,-1.793,-18.1,18.321,0.28,0.4,-12.229,-27.0,17.694,0.07,0.1,-16.555,-27.0,14.152,0.35,0.5,1,-27.2605,0.35000000000000003,19.6,0,1,0,2513.8,-12.739516800888639,1.0
Ömnögovi,Noyon,42.775896,102.372763,2021,3,3.948,-11.1,16.739,0.0,0.0,-1.793,-18.1,18.321,0.28,0.4,-12.229,-27.0,17.694,0.07,0.1,1,-19.4695,0.35000000000000003,20.0,0,0,0,2513.8,-12.739516800888639,1.0
Ömnögovi,Noyon,42.775896,102.372763,2021,4,9.537,-3.8,18.973,1.47,7.9,3.948,-11.1,16.739,0.0,0.0,-1.793,-18.1,18.321,0.28,0.4,0,-13.2865,1.82,12.1,0,1,0,2513.8,-12.739516800888639,1.0
Ömnögovi,Noyon,42.775896,102.372763,2021,5,16.635,0.9,21.768,0.07,2.0,9.537,-3.8,18.973,1.47,7.9,3.948,-11.1,16.739,0.0,0.0,0,-9.984,1.8900000000000001,18.0,0,1,0,2513.8,-12.739516800888639,1.0
Ömnögovi,Noyon,42.775896,102.372763,2021,6,21.99,4.7,18.313,0.0,5.1,16.635,0.9,21.768,0.07,2.0,9.537,-3.8,18.973,1.47,7.9,0,-4.456499999999999,1.8900000000000001,14.9,0,1,0,2513.8,-12.739516800888639,1.0
Ömnögovi,Noyon,42.775896,102.372763,2021,7,25.19,12.4,17.655,0.0,12.3,21.99,4.7,18.313,0.0,5.1,16.635,0.9,21.768,0.07,2.0,0,3.5725,1.8900000000000001,7.699999999999999,0,0,0,2513.8,-12.739516800888639,0.0
Ömnögovi,Noyon,42.775896,102.372763,2021,8,21.645,7.6,18.103,0.0,4.0,25.19,12.4,17.655,0.0,12.3,21.99,4.7,18.313,0.0,5.1,0,-1.4515000000000011,1.8900000000000001,16.0,0,1,0,2513.8,-12.739516800888639,0.0
Ömnögovi,Noyon,42.775896,102.372763,2021,9,17.91,5.0,15.383,0.0,10.7,21.645,7.6,18.103,0.0,4.0,25.19,12.4,17.655,0.0,12.3,0,-2.6914999999999996,1.8900000000000001,9.3,0,0,0,2513.8,-12.739516800888639,0.0
Ömnögovi,Noyon,42.775896,102.372763,2021,10,6.294,-4.3,13.832,0.0,1.0,17.91,5.0,15.383,0.0,10.7,21.645,7.6,18.103,0.0,4.0,0,-11.216000000000001,1.8900000000000001,19.0,0,0,0,2513.8,-12.739516800888639,0.0
Ömnögovi,Noyon,42.775896,102.372763,2021,11,-3.967,-16.8,15.23,3.43,4.7,6.294,-4.3,13.832,0.0,1.0,17.91,5.0,15.383,0.0,10.7,1,-24.415,5.32,15.3,0,0,0,2513.8,-12.739516800888639,0.0
Ömnögovi,Noyon,42.775896,102.372763,2021,12,-10.019,-23.2,13.455,0.0,0.0,-3.967,-16.8,15.23,3.43,4.7,6.294,-4.3,13.832,0.0,1.0,1,-29.9275,5.32,20.0,0,0,0,2513.8,-12.739516800888639,0.0
Ömnögovi,Noyon,42.775896,102.372763,2022,1,-9.997,-21.0,12.529,0.07,0.1,-10.019,-23.2,13.455,0.0,0.0,-3.967,-16.8,15.23,3.43,4.7,1,-27.264499999999998,0.07,19.9,0,0,0,2637.3,4.912880897446104,0.0
Ömnögovi,Noyon,42.775896,102.372763,2022,2,-8.996,-20.2,14.025,2.59,3.7,-9.997,-21.0,12.529,0.07,0.1,-10.019,-23.2,13.455,0.0,0.0,1,-27.2125,2.6599999999999997,16.3,0,0,0,2637.3,4.912880897446104,0.0
Ömnögovi,Noyon,42.775896,102.372763,2022,3,3.226,-11.7,19.871,0.42,1.0,-8.996,-20.2,14.025,2.59,3.7,-9.997,-21.0,12.529,0.07,0.1,1,-21.6355,3.0799999999999996,19.0,0,1,0,2637.3,4.912880897446104,0.0
Ömnögovi,Noyon,42.775896,102.372763,2022,4,10.073,-4.1,21.023,1.54,5.1,3.226,-11.7,19.871,0.42,1.0,-8.996,-20.2,14.025,2.59,3.7,0,-14.6115,4.619999999999999,14.9,0,1,0,2637.3,4.912880897446104,0.0
Ömnögovi,Noyon,42.775896,102.372763,2022,5,17.7,1.3,20.765,0.35,3.6,10.073,-4.1,21.023,1.54,5.1,3.226,-11.7,19.871,0.42,1.0,0,-9.0825,4.97,16.4,0,1,0,2637.3,4.912880897446104,0.0
Ömnögovi,Noyon,42.775896,102.372763,2022,6,24.423,8.2,18.24,0.0,8.7,17.7,1.3,20.765,0.35,3.6,10.073,-4.1,21.023,1.54,5.1,0,-0.9199999999999999,4.97,11.3,0,1,0,2637.3,4.912880897446104,0.0
Ömnögovi,Noyon,42.775896,102.372763,2022,7,25.158,10.9,18.587,0.0,9.8,24.423,8.2,18.24,0.0,8.7,17.7,1.3,20.765,0.35,3.6,0,1.6065000000000005,4.97,10.2,0,1,0,2637.3,4.912880897446104,1.0
Ömnögovi,Noyon,42.775896,102.372763,2022,8,24.219,9.6,15.61,0.0,6.6,25.158,10.9,18.587,0.0,9.8,24.423,8.2,18.24,0.0,8.7,0,1.795,4.97,13.4,0,0,0,2637.3,4.912880897446104,1.0
Ömnögovi,Noyon,42.775896,102.372763,2022,9,18.643,4.7,15.82,0.0,3.2,24.219,9.6,15.61,0.0,6.6,25.158,10.9,18.587,0.0,9.8,0,-3.21,4.97,16.8,0,0,0,2637.3,4.912880897446104,1.0
Ömnögovi,Noyon,42.775896,102.372763,2022,10,6.171,-8.8,16.561,0.0,6.4,18.643,4.7,15.82,0.0,3.2,24.219,9.6,15.61,0.0,6.6,0,-17.0805,4.97,13.6,0,0,0,2637.3,4.912880897446104,1.0
Ömnögovi,Noyon,42.775896,102.372763,2022,11,-2.677,-25.7,15.603,0.98,1.6,6.171,-8.8,16.561,0.0,6.4,18.643,4.7,15.82,0.0,3.2,1,-33.5015,5.949999999999999,18.4,1,0,0,2637.3,4.912880897446104,1.0
Ömnögovi,Noyon,42.775896,102.372763,2022,12,-13.326,-21.8,13.858,0.49,0.6,-2.677,-25.7,15.603,0.98,1.6,6.171,-8.8,16.561,0.0,6.4,1,-28.729,6.4399999999999995,19.4,0,0,0,2637.3,4.912880897446104,1.0
Ömnögovi,Noyon,42.775896,102.372763,2023,1,-12.332,-27.3,15.468,2.38,3.3,-13.326,-21.8,13.858,0.49,0.6,-2.677,-25.7,15.603,0.98,1.6,1,-35.034,2.38,16.7,1,0,0,2042.0,-22.57232775945096,1.0
Ömnögovi,Noyon,42.775896,102.372763,2023,2,-4.157,-14.4,12.975,1.12,1.6,-12.332,-27.3,15.468,2.38,3.3,-13.326,-21.8,13.858,0.49,0.6,1,-20.8875,3.5,18.4,0,0,0,2042.0,-22.57232775945096,1.0
Ömnögovi,Noyon,42.775896,102.372763,2023,3,3.426,-10.6,17.723,0.0,0.0,-4.157,-14.4,12.975,1.12,1.6,-12.332,-27.3,15.468,2.38,3.3,1,-19.4615,3.5,20.0,0,0,0,2042.0,-22.57232775945096,1.0
Ömnögovi,Noyon,42.775896,102.372763,2023,4,8.28,-5.8,20.87,4.48,8.1,3.426,-10.6,17.723,0.0,0.0,-4.157,-14.4,12.975,1.12,1.6,0,-16.235,7.98,11.9,0,1,0,2042.0,-22.57232775945096,1.0
Ömnögovi,Noyon,42.775896,102.372763,2023,5,15.6,3.7,22.155,0.0,19.4,8.28,-5.8,20.87,4.48,8.1,3.426,-10.6,17.723,0.0,0.0,0,-7.3775,7.98,0.6000000000000014,0,1,0,2042.0,-22.57232775945096,1.0
Ömnögovi,Noyon,42.775896,102.372763,2023,6,24.26,7.7,17.307,0.0,4.9,15.6,3.7,22.155,0.0,19.4,8.28,-5.8,20.87,4.48,8.1,0,-0.9534999999999991,7.98,15.1,0,0,0,2042.0,-22.57232775945096,1.0
Ömnögovi,Noyon,42.775896,102.372763,2023,7,25.765,11.4,19.032,0.0,21.9,24.26,7.7,17.307,0.0,4.9,15.6,3.7,22.155,0.0,19.4,0,1.8840000000000003,7.98,-1.8999999999999986,0,1,0,2042.0,-22.57232775945096,0.0
Ömnögovi,Noyon,42.775896,102.372763,2023,8,25.013,12.4,17.723,0.0,7.4,25.765,11.4,19.032,0.0,21.9,24.26,7.7,17.307,0.0,4.9,0,3.538500000000001,7.98,12.6,0,0,0,2042.0,-22.57232775945096,0.0
Ömnögovi,Noyon,42.775896,102.372763,2023,9,17.653,-0.5,17.437,0.0,10.3,25.013,12.4,17.723,0.0,7.4,25.765,11.4,19.032,0.0,21.9,0,-9.2185,7.98,9.7,0,0,0,2042.0,-22.57232775945096,0.0
Ömnögovi,Noyon,42.775896,102.372763,2023,10,10.697,1.0,15.687,0.0,0.2,17.653,-0.5,17.437,0.0,10.3,25.013,12.4,17.723,0.0,7.4,0,-6.8435,7.98,19.8,0,0,0,2042.0,-22.57232775945096,0.0
Ömnögovi,Noyon,42.775896,102.372763,2023,11,-3.677,-18.4,17.69,0.07,0.2,10.697,1.0,15.687,0.0,0.2,17.653,-0.5,17.437,0.0,10.3,1,-27.244999999999997,8.05,19.8,0,0,0,2042.0,-22.57232775945096,0.0
Ömnögovi,Noyon,42.775896,102.372763,2023,12,-10.487,-25.4,15.906,1.33,1.9,-3.677,-18.4,17.69,0.07,0.2,10.697,1.0,15.687,0.0,0.2,1,-33.353,9.38,18.1,1,0,0,2042.0,-22.57232775945096,0.0
Ömnögovi,Noyon,42.775896,102.372763,2024,1,-10.49,-22.5,13.916,1.61,2.3,-10.487,-25.4,15.906,1.33,1.9,-3.677,-18.4,17.69,0.07,0.2,1,-29.458,1.61,17.7,0,0,0,1970.1,-3.521057786483839,0.0
Ömnögovi,Noyon,42.775896,102.372763,2024,2,-8.103,-21.9,15.062,1.47,2.1,-10.49,-22.5,13.916,1.61,2.3,-10.487,-25.4,15.906,1.33,1.9,1,-29.430999999999997,3.08,17.9,0,0,0,1970.1,-3.521057786483839,0.0
Ömnögovi,Noyon,42.775896,102.372763,2024,3,3.503,-14.1,17.226,1.12,2.0,-8.103,-21.9,15.062,1.47,2.1,-10.49,-22.5,13.916,1.61,2.3,1,-22.713,4.2,18.0,0,0,0,1970.1,-3.521057786483839,0.0
Ömnögovi,Noyon,42.775896,102.372763,2024,4,10.787,-0.2,19.47,2.38,25.7,3.503,-14.1,17.226,1.12,2.0,-8.103,-21.9,15.062,1.47,2.1,0,-9.934999999999999,6.58,-5.699999999999999,0,1,0,1970.1,-3.521057786483839,0.0
Ömnögovi,Noyon,42.775896,102.372763,2024,5,20.861,4.1,18.003,0.0,0.8,10.787,-0.2,19.47,2.38,25.7,3.503,-14.1,17.226,1.12,2.0,0,-4.9015,6.58,19.2,0,1,0,1970.1,-3.521057786483839,0.0
Ömnögovi,Noyon,42.775896,102.372763,2024,6,23.593,11.8,17.953,0.0,11.0,20.861,4.1,18.003,0.0,0.8,10.787,-0.2,19.47,2.38,25.7,0,2.823500000000001,6.58,9.0,0,0,0,1970.1,-3.521057786483839,0.0
Ömnögovi,Xanxongor,43.641231,104.636477,2016,1,-16.255,-26.3,11.89,0.28,0.0,-8.935,-19.3,11.306,1.96,1.7,-3.46,-18.9,11.247,0.84,0.5,1,-32.245000000000005,0.28,20.0,1,0,0,2314.0,12.559587508512493,0.0
Ömnögovi,Xanxongor,43.641231,104.636477,2016,2,-9.141,-22.4,14.317,0.35,0.3,-16.255,-26.3,11.89,0.28,0.0,-8.935,-19.3,11.306,1.96,1.7,1,-29.5585,0.63,19.7,0,0,0,2314.0,12.559587508512493,0.0
Ömnögovi,Xanxongor,43.641231,104.636477,2016,3,0.606,-17.7,16.0,0.84,2.4,-9.141,-22.4,14.317,0.35,0.3,-16.255,-26.3,11.89,0.28,0.0,1,-25.7,1.47,17.6,0,0,0,2314.0,12.559587508512493,0.0
Ömnögovi,Xanxongor,43.641231,104.636477,2016,4,9.26,-7.2,17.077,0.35,0.2,0.606,-17.7,16.0,0.84,2.4,-9.141,-22.4,14.317,0.35,0.3,0,-15.738500000000002,1.8199999999999998,19.8,0,0,0,2314.0,12.559587508512493,0.0
Ömnögovi,Xanxongor,43.641231,104.636477,2016,5,12.994,-2.5,19.252,0.21,11.5,9.26,-7.2,17.077,0.35,0.2,0.606,-17.7,16.0,0.84,2.4,0,-12.126,2.03,8.5,0,1,0,2314.0,12.559587508512493,0.0
Ömnögovi,Xanxongor,43.641231,104.636477,2016,6,17.34,5.6,14.963,0.0,59.2,12.994,-2.5,19.252,0.21,11.5,9.26,-7.2,17.077,0.35,0.2,0,-1.8815,2.03,-39.2,0,0,0,2314.0,12.559587508512493,0.0
Ömnögovi,Xanxongor,43.641231,104.636477,2016,7,24.11,13.2,12.923,0.0,16.3,17.34,5.6,14.963,0.0,59.2,12.994,-2.5,19.252,0.21,11.5,0,6.738499999999999,2.03,3.6999999999999993,0,0,0,2314.0,12.559587508512493,0.0
Ömnögovi,Xanxongor,43.641231,104.636477,2016,8,23.897,7.0,13.652,0.0,4.3,24.11,13.2,12.923,0.0,16.3,17.34,5.6,14.963,0.0,59.2,0,0.17400000000000038,2.03,15.7,0,0,0,2314.0,12.559587508512493,0.0
Ömnögovi,Xanxongor,43.641231,104.636477,2016,9,15.293,-0.4,12.1,0.0,14.0,23.897,7.0,13.652,0.0,4.3,24.11,13.2,12.923,0.0,16.3,0,-6.45,2.03,6.0,0,0,0,2314.0,12.559587508512493,0.0
Ömnögovi,Xanxongor,43.641231,104.636477,2016,10,5.213,-13.2,13.923,0.14,11.1,15.293,-0.4,12.1,0.0,14.0,23.897,7.0,13.652,0.0,4.3,0,-20.1615,2.17,8.9,0,0,0,2314.0,12.559587508512493,0.0
Ömnögovi,Xanxongor,43.641231,104.636477,2016,11,-3.747,-20.7,14.46,0.56,0.1,5.213,-13.2,13.923,0.14,11.1,15.293,-0.4,12.1,0.0,14.0,1,-27.93,2.73,19.9,0,0,0,2314.0,12.559587508512493,0.0
Ömnögovi,Xanxongor,43.641231,104.636477,2016,12,-7.816,-20.6,10.406,0.77,0.6,-3.747,-20.7,14.46,0.56,0.1,5.213,-13.2,13.923,0.14,11.1,1,-25.803,3.5,19.4,0,0,0,2314.0,12.559587508512493,0.0
Ömnögovi,Xanxongor,43.641231,104.636477,2017,1,-12.871,-28.1,10.868,0.91,1.3,-7.816,-20.6,10.406,0.77,0.6,-3.747,-20.7,14.46,0.56,0.1,1,-33.534,0.91,18.7,1,0,0,2654.4,14.710458081244603,0.0
Ömnögovi,Xanxongor,43.641231,104.636477,2017,2,-6.879,-22.9,10.789,2.24,3.5,-12.871,-28.1,10.868,0.91,1.3,-7.816,-20.6,10.406,0.77,0.6,1,-28.2945,3.1500000000000004,16.5,0,0,0,2654.4,14.710458081244603,0.0
Ömnögovi,Xanxongor,43.641231,104.636477,2017,3,-1.432,-13.4,12.871,9.1,14.5,-6.879,-22.9,10.789,2.24,3.5,-12.871,-28.1,10.868,0.91,1.3,1,-19.8355,12.25,5.5,0,0,0,2654.4,14.710458081244603,0.0
Ömnögovi,Xanxongor,43.641231,104.636477,2017,4,8.45,-3.0,14.08,0.21,2.9,-1.432,-13.4,12.871,9.1,14.5,-6.879,-22.9,10.789,2.24,3.5,0,-10.04,12.46,17.1,0,0,0,2654.4,14.710458081244603,0.0
Ömnögovi,Xanxongor,43.641231,104.636477,2017,5,16.387,-5.0,16.145,0.14,3.4,8.45,-3.0,14.08,0.21,2.9,-1.432,-13.4,12.871,9.1,14.5,0,-13.0725,12.6,16.6,0,0,0,2654.4,14.710458081244603,0.0
Ömnögovi,Xanxongor,43.641231,104.636477,2017,6,21.417,7.9,13.647,0.0,14.5,16.387,-5.0,16.145,0.14,3.4,8.45,-3.0,14.08,0.21,2.9,0,1.0765000000000002,12.6,5.5,0,0,0,2654.4,14.710458081244603,0.0
Ömnögovi,Xanxongor,43.641231,104.636477,2017,7,24.694,11.4,13.306,0.0,15.1,21.417,7.9,13.647,0.0,14.5,16.387,-5.0,16.145,0.14,3.4,0,4.747000000000001,12.6,4.9,0,0,0,2654.4,14.710458081244603,0.0
Ömnögovi,Xanxongor,43.641231,104.636477,2017,8,20.352,6.8,12.694,0.0,29.6,24.694,11.4,13.306,0.0,15.1,21.417,7.9,13.647,0.0,14.5,0,0.4529999999999994,12.6,-9.600000000000001,0,0,0,2654.4,14.710458081244603,0.0
Ömnögovi,Xanxongor,43.641231,104.636477,2017,9,15.463,-3.7,13.857,0.0,2.8,20.352,6.8,12.694,0.0,29.6,24.694,11.4,13.306,0.0,15.1,0,-10.628499999999999,12.6,17.2,0,0,0,2654.4,14.710458081244603,0.0
Ömnögovi,Xanxongor,43.641231,104.636477,2017,10,4.806,-12.2,10.819,2.17,3.4,15.463,-3.7,13.857,0.0,2.8,20.352,6.8,12.694,0.0,29.6,0,-17.6095,14.77,16.6,0,0,0,2654.4,14.710458081244603,0.0
Ömnögovi,Xanxongor,43.641231,104.636477,2017,11,-5.063,-18.8,12.84,0.35,0.5,4.806,-12.2,10.819,2.17,3.4,15.463,-3.7,13.857,0.0,2.8,1,-25.22,15.12,19.5,0,0,0,2654.4,14.710458081244603,0.0
Ömnögovi,Xanxongor,43.641231,104.636477,2017,12,-10.619,-20.7,11.19,0.35,0.5,-5.063,-18.8,12.84,0.35,0.5,4.806,-12.2,10.819,2.17,3.4,1,-26.294999999999998,15.47,19.5,0,0,0,2654.4,14.710458081244603,0.0
Ömnögovi,Xanxongor,43.641231,104.636477,2018,1,-16.716,-31.0,11.203,1.4,1.9,-10.619,-20.7,11.19,0.35,0.5,-5.063,-18.8,12.84,0.35,0.5,1,-36.6015,1.4,18.1,1,0,0,2598.4,-2.1097046413502074,0.0
Ömnögovi,Xanxongor,43.641231,104.636477,2018,2,-9.764,-25.1,12.543,0.35,0.5,-16.716,-31.0,11.203,1.4,1.9,-10.619,-20.7,11.19,0.35,0.5,1,-31.3715,1.75,19.5,1,0,0,2598.4,-2.1097046413502074,0.0
Ömnögovi,Xanxongor,43.641231,104.636477,2018,3,4.49,-11.8,14.394,1.61,2.4,-9.764,-25.1,12.543,0.35,0.5,-16.716,-31.0,11.203,1.4,1.9,1,-18.997,3.36,17.6,0,0,0,2598.4,-2.1097046413502074,0.0
Ömnögovi,Xanxongor,43.641231,104.636477,2018,4,9.147,-9.6,16.783,2.31,8.2,4.49,-11.8,14.394,1.61,2.4,-9.764,-25.1,12.543,0.35,0.5,0,-17.991500000000002,5.67,11.8,0,0,0,2598.4,-2.1097046413502074,0.0
Ömnögovi,Xanxongor,43.641231,104.636477,2018,5,16.81,-0.1,17.255,0.0,6.1,9.147,-9.6,16.783,2.31,8.2,4.49,-11.8,14.394,1.61,2.4,0,-8.7275,5.67,13.9,0,0,0,2598.4,-2.1097046413502074,0.0
Ömnögovi,Xanxongor,43.641231,104.636477,2018,6,21.82,5.9,14.553,0.0,0.8,16.81,-0.1,17.255,0.0,6.1,9.147,-9.6,16.783,2.31,8.2,0,-1.3765,5.67,19.2,0,0,0,2598.4,-2.1097046413502074,0.0
Ömnögovi,Xanxongor,43.641231,104.636477,2018,7,22.329,11.2,13.2,0.0,49.9,21.82,5.9,14.553,0.0,0.8,16.81,-0.1,17.255,0.0,6.1,0,4.6,5.67,-29.9,0,0,0,2598.4,-2.1097046413502074,0.0
Ömnögovi,Xanxongor,43.641231,104.636477,2018,8,20.116,9.2,10.206,0.0,58.7,22.329,11.2,13.2,0.0,49.9,21.82,5.9,14.553,0.0,0.8,0,4.0969999999999995,5.67,-38.7,0,0,0,2598.4,-2.1097046413502074,0.0
Ömnögovi,Xanxongor,43.641231,104.636477,2018,9,11.67,-1.5,15.703,0.07,8.8,20.116,9.2,10.206,0.0,58.7,22.329,11.2,13.2,0.0,49.9,0,-9.3515,5.74,11.2,0,0,0,2598.4,-2.1097046413502074,0.0
Ömnögovi,Xanxongor,43.641231,104.636477,2018,10,4.206,-7.3,12.813,0.0,0.0,11.67,-1.5,15.703,0.07,8.8,20.116,9.2,10.206,0.0,58.7,0,-13.7065,5.74,20.0,0,0,0,2598.4,-2.1097046413502074,0.0
Ömnögovi,Xanxongor,43.641231,104.636477,2018,11,-4.553,-17.8,10.7,1.61,2.5,4.206,-7.3,12.813,0.0,0.0,11.67,-1.5,15.703,0.07,8.8,1,-23.15,7.35,17.5,0,0,0,2598.4,-2.1097046413502074,0.0
Ömnögovi,Xanxongor,43.641231,104.636477,2018,12,-16.448,-31.0,10.819,0.0,0.0,-4.553,-17.8,10.7,1.61,2.5,4.206,-7.3,12.813,0.0,0.0,1,-36.4095,7.35,20.0,1,0,0,2598.4,-2.1097046413502074,0.0
Ömnögovi,Xanxongor,43.641231,104.636477,2019,1,-14.1,-27.4,9.694,0.0,0.0,-16.448,-31.0,10.819,0.0,0.0,-4.553,-17.8,10.7,1.61,2.5,1,-32.247,0.0,20.0,1,0,0,3000.3,15.467210591133007,0.0
Ömnögovi,Xanxongor,43.641231,104.636477,2019,2,-13.354,-26.3,9.264,3.71,5.6,-14.1,-27.4,9.694,0.0,0.0,-16.448,-31.0,10.819,0.0,0.0,1,-30.932000000000002,3.71,14.4,1,0,0,3000.3,15.467210591133007,0.0
Ömnögovi,Xanxongor,43.641231,104.636477,2019,3,-0.019,-12.4,13.613,2.8,4.0,-13.354,-26.3,9.264,3.71,5.6,-14.1,-27.4,9.694,0.0,0.0,1,-19.2065,6.51,16.0,0,0,0,3000.3,15.467210591133007,0.0
Ömnögovi,Xanxongor,43.641231,104.636477,2019,4,9.927,-3.8,15.903,0.14,1.3,-0.019,-12.4,13.613,2.8,4.0,-13.354,-26.3,9.264,3.71,5.6,0,-11.7515,6.6499999999999995,18.7,0,0,0,3000.3,15.467210591133007,0.0
Ömnögovi,Xanxongor,43.641231,104.636477,2019,5,12.523,-5.3,16.535,12.95,31.2,9.927,-3.8,15.903,0.14,1.3,-0.019,-12.4,13.613,2.8,4.0,0,-13.567499999999999,19.599999999999998,-11.2,0,0,1,3000.3,15.467210591133007,0.0
Ömnögovi,Xanxongor,43.641231,104.636477,2019,6,21.343,7.6,16.133,0.0,5.2,12.523,-5.3,16.535,12.95,31.2,9.927,-3.8,15.903,0.14,1.3,0,-0.4664999999999999,19.599999999999998,14.8,0,0,0,3000.3,15.467210591133007,0.0
Ömnögovi,Xanxongor,43.641231,104.636477,2019,7,23.439,11.8,14.023,0.0,8.3,21.343,7.6,16.133,0.0,5.2,12.523,-5.3,16.535,12.95,31.2,0,4.788500000000001,19.599999999999998,11.7,0,0,0,3000.3,15.467210591133007,0.0
Ömnögovi,Xanxongor,43.641231,104.636477,2019,8,20.435,9.3,12.481,0.0,21.5,23.439,11.8,14.023,0.0,8.3,21.343,7.6,16.133,0.0,5.2,0,3.0595000000000008,19.599999999999998,-1.5,0,0,0,3000.3,15.467210591133007,0.0
Ömnögovi,Xanxongor,43.641231,104.636477,2019,9,17.807,3.6,12.553,0.0,10.3,20.435,9.3,12.481,0.0,21.5,23.439,11.8,14.023,0.0,8.3,0,-2.6765000000000003,19.599999999999998,9.7,0,0,0,3000.3,15.467210591133007,0.0
Ömnögovi,Xanxongor,43.641231,104.636477,2019,10,4.616,-11.6,11.671,6.58,10.0,17.807,3.6,12.553,0.0,10.3,20.435,9.3,12.481,0.0,21.5,0,-17.435499999999998,26.18,10.0,0,0,0,3000.3,15.467210591133007,0.0
Ömnögovi,Xanxongor,43.641231,104.636477,2019,11,-4.067,-21.4,11.29,0.98,1.3,4.616,-11.6,11.671,6.58,10.0,17.807,3.6,12.553,0.0,10.3,1,-27.044999999999998,27.159999999999997,18.7,0,0,0,3000.3,15.467210591133007,0.0
Ömnögovi,Xanxongor,43.641231,104.636477,2019,12,-11.31,-28.5,10.094,0.63,0.9,-4.067,-21.4,11.29,0.98,1.3,4.616,-11.6,11.671,6.58,10.0,1,-33.547,27.79,19.1,1,0,0,3000.3,15.467210591133007,0.0
Ömnögovi,Xanxongor,43.641231,104.636477,2020,1,-11.145,-24.0,8.629,0.63,0.8,-11.31,-28.5,10.094,0.63,0.9,-4.067,-21.4,11.29,0.98,1.3,1,-28.3145,0.63,19.2,0,0,0,2880.8,-3.9829350398293495,0.0
Ömnögovi,Xanxongor,43.641231,104.636477,2020,2,-6.359,-20.8,10.914,3.99,5.8,-11.145,-24.0,8.629,0.63,0.8,-11.31,-28.5,10.094,0.63,0.9,1,-26.257,4.62,14.2,0,0,0,2880.8,-3.9829350398293495,0.0
Ömnögovi,Xanxongor,43.641231,104.636477,2020,3,0.339,-15.2,14.184,2.52,3.7,-6.359,-20.8,10.914,3.99,5.8,-11.145,-24.0,8.629,0.63,0.8,1,-22.291999999999998,7.140000000000001,16.3,0,0,0,2880.8,-3.9829350398293495,0.0
Ömnögovi,Xanxongor,43.641231,104.636477,2020,4,8.82,-7.2,13.287,0.28,1.4,0.339,-15.2,14.184,2.52,3.7,-6.359,-20.8,10.914,3.99,5.8,0,-13.8435,7.42,18.6,0,0,0,2880.8,-3.9829350398293495,0.0
Ömnögovi,Xanxongor,43.641231,104.636477,2020,5,14.261,0.6,16.513,3.22,25.5,8.82,-7.2,13.287,0.28,1.4,0.339,-15.2,14.184,2.52,3.7,0,-7.656500000000001,10.64,-5.5,0,0,0,2880.8,-3.9829350398293495,0.0
Ömnögovi,Xanxongor,43.641231,104.636477,2020,6,21.16,7.7,16.713,0.0,2.3,14.261,0.6,16.513,3.22,25.5,8.82,-7.2,13.287,0.28,1.4,0,-0.6565000000000003,10.64,17.7,0,0,0,2880.8,-3.9829350398293495,0.0
Ömnögovi,Xanxongor,43.641231,104.636477,2020,7,23.365,12.2,12.739,0.0,10.6,21.16,7.7,16.713,0.0,2.3,14.261,0.6,16.513,3.22,25.5,0,5.830499999999999,10.64,9.4,0,0,0,2880.8,-3.9829350398293495,1.0
Ömnögovi,Xanxongor,43.641231,104.636477,2020,8,20.535,10.8,13.935,0.0,31.6,23.365,12.2,12.739,0.0,10.6,21.16,7.7,16.713,0.0,2.3,0,3.8325000000000005,10.64,-11.600000000000001,0,0,0,2880.8,-3.9829350398293495,1.0
Ömnögovi,Xanxongor,43.641231,104.636477,2020,9,14.867,0.8,13.333,0.0,9.3,20.535,10.8,13.935,0.0,31.6,23.365,12.2,12.739,0.0,10.6,0,-5.8665,10.64,10.7,0,0,0,2880.8,-3.9829350398293495,1.0
Ömnögovi,Xanxongor,43.641231,104.636477,2020,10,3.052,-7.1,12.477,0.77,1.3,14.867,0.8,13.333,0.0,9.3,20.535,10.8,13.935,0.0,31.6,0,-13.3385,11.41,18.7,0,0,0,2880.8,-3.9829350398293495,1.0
Ömnögovi,Xanxongor,43.641231,104.636477,2020,11,-4.273,-20.4,10.653,2.94,4.2,3.052,-7.1,12.477,0.77,1.3,14.867,0.8,13.333,0.0,9.3,1,-25.726499999999998,14.350000000000001,15.8,0,0,0,2880.8,-3.9829350398293495,1.0
Ömnögovi,Xanxongor,43.641231,104.636477,2020,12,-18.194,-31.8,8.69,0.35,0.4,-4.273,-20.4,10.653,2.94,4.2,3.052,-7.1,12.477,0.77,1.3,1,-36.145,14.700000000000001,19.6,1,0,0,2880.8,-3.9829350398293495,1.0
Ömnögovi,Xanxongor,43.641231,104.636477,2021,1,-13.645,-30.8,12.861,0.0,0.0,-18.194,-31.8,8.69,0.35,0.4,-4.273,-20.4,10.653,2.94,4.2,1,-37.2305,0.0,20.0,1,0,0,2513.8,-12.739516800888639,1.0
Ömnögovi,Xanxongor,43.641231,104.636477,2021,2,-3.675,-21.8,12.164,1.19,1.7,-13.645,-30.8,12.861,0.0,0.0,-18.194,-31.8,8.69,0.35,0.4,1,-27.882,1.19,18.3,0,0,0,2513.8,-12.739516800888639,1.0
Ömnögovi,Xanxongor,43.641231,104.636477,2021,3,2.332,-13.1,13.719,0.56,0.8,-3.675,-21.8,12.164,1.19,1.7,-13.645,-30.8,12.861,0.0,0.0,1,-19.9595,1.75,19.2,0,0,0,2513.8,-12.739516800888639,1.0
Ömnögovi,Xanxongor,43.641231,104.636477,2021,4,7.95,-6.5,17.04,2.8,11.2,2.332,-13.1,13.719,0.56,0.8,-3.675,-21.8,12.164,1.19,1.7,0,-15.02,4.55,8.8,0,0,0,2513.8,-12.739516800888639,1.0
Ömnögovi,Xanxongor,43.641231,104.636477,2021,5,14.029,-2.0,20.352,0.0,3.6,7.95,-6.5,17.04,2.8,11.2,2.332,-13.1,13.719,0.56,0.8,0,-12.176,4.55,16.4,0,1,0,2513.8,-12.739516800888639,1.0
Ömnögovi,Xanxongor,43.641231,104.636477,2021,6,19.913,2.5,15.593,0.0,13.9,14.029,-2.0,20.352,0.0,3.6,7.95,-6.5,17.04,2.8,11.2,0,-5.2965,4.55,6.1,0,0,0,2513.8,-12.739516800888639,1.0
Ömnögovi,Xanxongor,43.641231,104.636477,2021,7,22.055,9.9,12.355,0.0,71.5,19.913,2.5,15.593,0.0,13.9,14.029,-2.0,20.352,0.0,3.6,0,3.7225,4.55,-51.5,0,0,0,2513.8,-12.739516800888639,0.0
Ömnögovi,Xanxongor,43.641231,104.636477,2021,8,19.035,5.9,14.955,0.0,9.3,22.055,9.9,12.355,0.0,71.5,19.913,2.5,15.593,0.0,13.9,0,-1.5774999999999997,4.55,10.7,0,0,0,2513.8,-12.739516800888639,0.0
Ömnögovi,Xanxongor,43.641231,104.636477,2021,9,15.933,2.3,13.133,0.0,12.3,19.035,5.9,14.955,0.0,9.3,22.055,9.9,12.355,0.0,71.5,0,-4.2665,4.55,7.699999999999999,0,0,0,2513.8,-12.739516800888639,0.0
Ömnögovi,Xanxongor,43.641231,104.636477,2021,10,4.455,-6.7,11.7,0.0,0.4,15.933,2.3,13.133,0.0,12.3,19.035,5.9,14.955,0.0,9.3,0,-12.55,4.55,19.6,0,0,0,2513.8,-12.739516800888639,0.0
Ömnögovi,Xanxongor,43.641231,104.636477,2021,11,-4.053,-18.0,12.217,3.57,5.1,4.455,-6.7,11.7,0.0,0.4,15.933,2.3,13.133,0.0,12.3,1,-24.1085,8.12,14.9,0,0,0,2513.8,-12.739516800888639,0.0
Ömnögovi,Xanxongor,43.641231,104.636477,2021,12,-10.448,-23.3,10.41,0.84,1.2,-4.053,-18.0,12.217,3.57,5.1,4.455,-6.7,11.7,0.0,0.4,1,-28.505000000000003,8.959999999999999,18.8,0,0,0,2513.8,-12.739516800888639,0.0
Ömnögovi,Xanxongor,43.641231,104.636477,2022,1,-12.135,-22.4,9.116,0.77,1.0,-10.448,-23.3,10.41,0.84,1.2,-4.053,-18.0,12.217,3.57,5.1,1,-26.958,0.77,19.0,0,0,0,2637.3,4.912880897446104,0.0
Ömnögovi,Xanxongor,43.641231,104.636477,2022,2,-11.868,-23.9,9.161,2.66,3.8,-12.135,-22.4,9.116,0.77,1.0,-10.448,-23.3,10.41,0.84,1.2,1,-28.4805,3.43,16.2,0,0,0,2637.3,4.912880897446104,0.0
Ömnögovi,Xanxongor,43.641231,104.636477,2022,3,0.823,-16.6,15.571,0.84,2.0,-11.868,-23.9,9.161,2.66,3.8,-12.135,-22.4,9.116,0.77,1.0,1,-24.3855,4.2700000000000005,18.0,0,0,0,2637.3,4.912880897446104,0.0
Ömnögovi,Xanxongor,43.641231,104.636477,2022,4,7.647,-5.8,17.103,8.26,15.8,0.823,-16.6,15.571,0.84,2.0,-11.868,-23.9,9.161,2.66,3.8,0,-14.351500000000001,12.530000000000001,4.199999999999999,0,0,0,2637.3,4.912880897446104,0.0
Ömnögovi,Xanxongor,43.641231,104.636477,2022,5,15.161,-0.6,15.568,0.07,4.1,7.647,-5.8,17.103,8.26,15.8,0.823,-16.6,15.571,0.84,2.0,0,-8.384,12.6,15.9,0,0,0,2637.3,4.912880897446104,0.0
Ömnögovi,Xanxongor,43.641231,104.636477,2022,6,21.833,7.3,15.92,0.0,8.2,15.161,-0.6,15.568,0.07,4.1,7.647,-5.8,17.103,8.26,15.8,0,-0.6600000000000001,12.6,11.8,0,0,0,2637.3,4.912880897446104,0.0
Ömnögovi,Xanxongor,43.641231,104.636477,2022,7,22.687,11.2,14.048,0.0,30.2,21.833,7.3,15.92,0.0,8.2,15.161,-0.6,15.568,0.07,4.1,0,4.175999999999999,12.6,-10.2,0,0,0,2637.3,4.912880897446104,1.0
Ömnögovi,Xanxongor,43.641231,104.636477,2022,8,22.442,5.8,14.49,0.0,7.0,22.687,11.2,14.048,0.0,30.2,21.833,7.3,15.92,0.0,8.2,0,-1.4450000000000003,12.6,13.0,0,0,0,2637.3,4.912880897446104,1.0
Ömnögovi,Xanxongor,43.641231,104.636477,2022,9,17.0,2.3,13.713,0.0,6.7,22.442,5.8,14.49,0.0,7.0,22.687,11.2,14.048,0.0,30.2,0,-4.5565,12.6,13.3,0,0,0,2637.3,4.912880897446104,1.0
Ömnögovi,Xanxongor,43.641231,104.636477,2022,10,4.184,-8.1,12.3,12.11,19.4,17.0,2.3,13.713,0.0,6.7,22.442,5.8,14.49,0.0,7.0,0,-14.25,24.71,0.6000000000000014,0,0,1,2637.3,4.912880897446104,1.0
Ömnögovi,Xanxongor,43.641231,104.636477,2022,11,-3.797,-27.5,10.483,3.43,4.8,4.184,-8.1,12.3,12.11,19.4,17.0,2.3,13.713,0.0,6.7,1,-32.7415,28.14,15.2,1,0,0,2637.3,4.912880897446104,1.0
Ömnögovi,Xanxongor,43.641231,104.636477,2022,12,-14.442,-25.6,11.765,0.07,0.1,-3.797,-27.5,10.483,3.43,4.8,4.184,-8.1,12.3,12.11,19.4,1,-31.4825,28.21,19.9,1,0,0,2637.3,4.912880897446104,1.0
Ömnögovi,Xanxongor,43.641231,104.636477,2023,1,-13.316,-30.2,10.842,1.68,2.5,-14.442,-25.6,11.765,0.07,0.1,-3.797,-27.5,10.483,3.43,4.8,1,-35.621,1.68,17.5,1,0,0,2042.0,-22.57232775945096,1.0
Ömnögovi,Xanxongor,43.641231,104.636477,2023,2,-5.921,-17.6,9.511,3.29,4.7,-13.316,-30.2,10.842,1.68,2.5,-14.442,-25.6,11.765,0.07,0.1,1,-22.3555,4.97,15.3,0,0,0,2042.0,-22.57232775945096,1.0
Ömnögovi,Xanxongor,43.641231,104.636477,2023,3,1.4,-13.7,13.032,0.28,1.3,-5.921,-17.6,9.511,3.29,4.7,-13.316,-30.2,10.842,1.68,2.5,1,-20.216,5.25,18.7,0,0,0,2042.0,-22.57232775945096,1.0
Ömnögovi,Xanxongor,43.641231,104.636477,2023,4,5.843,-11.1,17.9,0.63,2.7,1.4,-13.7,13.032,0.28,1.3,-5.921,-17.6,9.511,3.29,4.7,0,-20.049999999999997,5.88,17.3,0,0,0,2042.0,-22.57232775945096,1.0
Ömnögovi,Xanxongor,43.641231,104.636477,2023,5,13.577,-0.4,17.848,0.0,8.6,5.843,-11.1,17.9,0.63,2.7,1.4,-13.7,13.032,0.28,1.3,0,-9.324,5.88,11.4,0,0,0,2042.0,-22.57232775945096,1.0
Ömnögovi,Xanxongor,43.641231,104.636477,2023,6,22.087,5.1,14.437,0.0,2.8,13.577,-0.4,17.848,0.0,8.6,5.843,-11.1,17.9,0.63,2.7,0,-2.1185,5.88,17.2,0,0,0,2042.0,-22.57232775945096,1.0
Ömnögovi,Xanxongor,43.641231,104.636477,2023,7,22.997,10.4,15.61,0.0,52.6,22.087,5.1,14.437,0.0,2.8,13.577,-0.4,17.848,0.0,8.6,0,2.5950000000000006,5.88,-32.6,0,0,0,2042.0,-22.57232775945096,0.0
Ömnögovi,Xanxongor,43.641231,104.636477,2023,8,23.074,10.4,13.023,0.0,2.1,22.997,10.4,15.61,0.0,52.6,22.087,5.1,14.437,0.0,2.8,0,3.8885000000000005,5.88,17.9,0,0,0,2042.0,-22.57232775945096,0.0
Ömnögovi,Xanxongor,43.641231,104.636477,2023,9,16.08,0.3,13.797,0.0,11.7,23.074,10.4,13.023,0.0,2.1,22.997,10.4,15.61,0.0,52.6,0,-6.5985000000000005,5.88,8.3,0,0,0,2042.0,-22.57232775945096,0.0
Ömnögovi,Xanxongor,43.641231,104.636477,2023,10,8.771,-1.9,10.884,0.0,0.3,16.08,0.3,13.797,0.0,11.7,23.074,10.4,13.023,0.0,2.1,0,-7.3420000000000005,5.88,19.7,0,0,0,2042.0,-22.57232775945096,0.0
Ömnögovi,Xanxongor,43.641231,104.636477,2023,11,-4.657,-18.8,13.36,2.1,3.2,8.771,-1.9,10.884,0.0,0.3,16.08,0.3,13.797,0.0,11.7,1,-25.48,7.98,16.8,0,0,0,2042.0,-22.57232775945096,0.0
Ömnögovi,Xanxongor,43.641231,104.636477,2023,12,-11.755,-28.4,12.035,4.13,5.9,-4.657,-18.8,13.36,2.1,3.2,8.771,-1.9,10.884,0.0,0.3,1,-34.4175,12.11,14.1,1,0,0,2042.0,-22.57232775945096,0.0
Ömnögovi,Xanxongor,43.641231,104.636477,2024,1,-12.5,-24.1,9.626,3.99,5.7,-11.755,-28.4,12.035,4.13,5.9,-4.657,-18.8,13.36,2.1,3.2,1,-28.913,3.99,14.3,0,0,0,1970.1,-3.521057786483839,0.0
Ömnögovi,Xanxongor,43.641231,104.636477,2024,2,-10.234,-21.1,11.045,0.84,1.2,-12.5,-24.1,9.626,3.99,5.7,-11.755,-28.4,12.035,4.13,5.9,1,-26.622500000000002,4.83,18.8,0,0,0,1970.1,-3.521057786483839,0.0
Ömnögovi,Xanxongor,43.641231,104.636477,2024,3,0.955,-18.1,13.413,0.28,0.7,-10.234,-21.1,11.045,0.84,1.2,-12.5,-24.1,9.626,3.99,5.7,1,-24.8065,5.11,19.3,0,0,0,1970.1,-3.521057786483839,0.0
Ömnögovi,Xanxongor,43.641231,104.636477,2024,4,9.033,-3.0,16.073,6.79,21.9,0.955,-18.1,13.413,0.28,0.7,-10.234,-21.1,11.045,0.84,1.2,0,-11.0365,11.9,-1.8999999999999986,0,0,0,1970.1,-3.521057786483839,0.0
Ömnögovi,Xanxongor,43.641231,104.636477,2024,5,18.429,4.4,15.261,0.0,5.1,9.033,-3.0,16.073,6.79,21.9,0.955,-18.1,13.413,0.28,0.7,0,-3.2304999999999993,11.9,14.9,0,0,0,1970.1,-3.521057786483839,0.0
Ömnögovi,Xanxongor,43.641231,104.636477,2024,6,21.553,10.0,15.483,0.0,15.2,18.429,4.4,15.261,0.0,5.1,9.033,-3.0,16.073,6.79,21.9,0,2.2584999999999997,11.9,4.800000000000001,0,0,0,1970.1,-3.521057786483839,0.0
