aimag,soum,lat,lon,year,month,avg_temp,min_temp,wind_speed,snowfall_sum,precip_sum
Ömnögovi,Bayandalai,43.092427,103.265263,2015,1,-11.926,-23.5,7.335,0.0,0.0
Ömnögovi,Bayandalai,43.092427,103.265263,2015,2,-9.286,-24.0,10.432,0.21,0.0
Ömnögovi,Bayandalai,43.092427,103.265263,2015,3,-2.0,-20.4,13.968,0.28,0.1
Ömnögovi,Bayandalai,43.092427,103.265263,2015,4,6.123,-12.5,12.243,6.58,14.7
Ömnögovi,Bayandalai,43.092427,103.265263,2015,5,12.687,-4.7,15.087,0.0,1.7
Ömnögovi,Bayandalai,43.092427,103.265263,2015,6,17.447,3.0,15.1,0.0,12.4
Ömnögovi,Bayandalai,43.092427,103.265263,2015,7,20.503,6.9,12.803,0.0,9.5
Ömnögovi,Bayandalai,43.092427,103.265263,2015,8,19.771,5.6,13.977,0.0,2.8
Ömnögovi,Bayandalai,43.092427,103.265263,2015,9,11.973,-1.8,12.727,0.0,29.8
Ömnögovi,Bayandalai,43.092427,103.265263,2015,10,4.435,-13.0,10.074,0.0,3.4
Ömnögovi,Bayandalai,43.092427,103.265263,2015,11,-4.96,-20.1,8.4,2.59,2.7
Ömnögovi,Bayandalai,43.092427,103.265263,2015,12,-11.784,-22.8,7.613,0.91,0.5
Ömnögovi,Bayandalai,43.092427,103.265263,2016,1,-17.465,-30.4,7.374,0.49,0.0
Ömnögovi,Bayandalai,43.092427,103.265263,2016,2,-10.914,-26.1,9.121,0.0,0.0
Ömnögovi,Bayandalai,43.092427,103.265263,2016,3,-0.587,-21.6,13.371,0.0,2.3
Ömnögovi,Bayandalai,43.092427,103.265263,2016,4,7.957,-7.7,14.423,0.0,0.0
Ömnögovi,Bayandalai,43.092427,103.265263,2016,5,11.681,-5.8,14.968,0.0,2.7
Ömnögovi,Bayandalai,43.092427,103.265263,2016,6,16.657,3.9,14.39,0.0,26.7
Ömnögovi,Bayandalai,43.092427,103.265263,2016,7,23.019,9.4,12.565,0.0,8.0
Ömnögovi,Bayandalai,43.092427,103.265263,2016,8,22.303,6.3,12.342,0.0,6.4
Ömnögovi,Bayandalai,43.092427,103.265263,2016,9,14.523,-2.8,11.187,0.0,5.8
Ömnögovi,Bayandalai,43.092427,103.265263,2016,10,3.648,-15.6,11.868,0.21,1.9
Ömnögovi,Bayandalai,43.092427,103.265263,2016,11,-5.967,-22.5,10.63,0.35,0.5
Ömnögovi,Bayandalai,43.092427,103.265263,2016,12,-10.639,-24.3,7.135,0.56,0.1
Ömnögovi,Bayandalai,43.092427,103.265263,2017,1,-13.958,-27.9,7.729,0.77,1.1
Ömnögovi,Bayandalai,43.092427,103.265263,2017,2,-8.061,-21.5,8.246,2.52,3.6
Ömnögovi,Bayandalai,43.092427,103.265263,2017,3,-3.261,-16.2,10.768,8.05,16.9
Ömnögovi,Bayandalai,43.092427,103.265263,2017,4,7.023,-4.7,12.033,0.07,0.7
Ömnögovi,Bayandalai,43.092427,103.265263,2017,5,14.365,-7.4,14.155,0.91,5.3
Ömnögovi,Bayandalai,43.092427,103.265263,2017,6,19.8,7.4,12.477,0.0,7.1
Ömnögovi,Bayandalai,43.092427,103.265263,2017,7,22.71,9.5,11.89,0.0,14.1
Ömnögovi,Bayandalai,43.092427,103.265263,2017,8,18.858,4.2,11.577,0.0,8.5
Ömnögovi,Bayandalai,43.092427,103.265263,2017,9,13.783,-3.9,11.997,0.0,4.5
Ömnögovi,Bayandalai,43.092427,103.265263,2017,10,3.355,-12.8,9.3,1.33,2.0
Ömnögovi,Bayandalai,43.092427,103.265263,2017,11,-6.657,-19.6,10.26,0.0,0.0
Ömnögovi,Bayandalai,43.092427,103.265263,2017,12,-12.197,-23.1,7.177,0.0,0.0
Ömnögovi,Bayandalai,43.092427,103.265263,2018,1,-17.581,-31.5,8.639,2.17,3.1
Ömnögovi,Bayandalai,43.092427,103.265263,2018,2,-11.65,-27.1,9.457,0.07,0.1
Ömnögovi,Bayandalai,43.092427,103.265263,2018,3,2.635,-12.5,12.561,2.17,3.1
Ömnögovi,Bayandalai,43.092427,103.265263,2018,4,7.747,-14.0,13.683,0.63,6.9
Ömnögovi,Bayandalai,43.092427,103.265263,2018,5,14.132,-0.7,13.271,0.21,7.8
Ömnögovi,Bayandalai,43.092427,103.265263,2018,6,20.197,3.9,12.583,0.0,7.3
Ömnögovi,Bayandalai,43.092427,103.265263,2018,7,21.032,10.6,12.297,0.0,58.9
Ömnögovi,Bayandalai,43.092427,103.265263,2018,8,19.21,8.2,10.01,0.0,44.8
Ömnögovi,Bayandalai,43.092427,103.265263,2018,9,10.097,-3.4,12.587,0.0,15.8
Ömnögovi,Bayandalai,43.092427,103.265263,2018,10,2.884,-8.4,10.597,0.0,0.0
Ömnögovi,Bayandalai,43.092427,103.265263,2018,11,-6.837,-17.7,9.04,1.05,1.5
Ömnögovi,Bayandalai,43.092427,103.265263,2018,12,-17.835,-29.1,8.171,0.84,1.2
Ömnögovi,Bayandalai,43.092427,103.265263,2019,1,-14.894,-27.0,6.977,0.0,0.0
Ömnögovi,Bayandalai,43.092427,103.265263,2019,2,-13.875,-28.0,8.336,3.36,4.7
Ömnögovi,Bayandalai,43.092427,103.265263,2019,3,-1.632,-13.0,10.39,3.29,4.7
Ömnögovi,Bayandalai,43.092427,103.265263,2019,4,8.517,-4.5,12.557,1.82,4.3
Ömnögovi,Bayandalai,43.092427,103.265263,2019,5,10.781,-6.0,14.126,2.17,17.4
Ömnögovi,Bayandalai,43.092427,103.265263,2019,6,18.767,8.2,13.917,0.0,41.8
Ömnögovi,Bayandalai,43.092427,103.265263,2019,7,20.89,11.1,12.084,0.0,19.4
Ömnögovi,Bayandalai,43.092427,103.265263,2019,8,18.874,9.1,10.545,0.0,18.9
Ömnögovi,Bayandalai,43.092427,103.265263,2019,9,15.943,3.5,10.563,0.0,6.6
Ömnögovi,Bayandalai,43.092427,103.265263,2019,10,2.955,-12.5,9.684,6.16,9.7
Ömnögovi,Bayandalai,43.092427,103.265263,2019,11,-5.71,-19.4,9.783,0.0,0.0
Ömnögovi,Bayandalai,43.092427,103.265263,2019,12,-12.358,-24.3,8.358,0.14,0.2
Ömnögovi,Bayandalai,43.092427,103.265263,2020,1,-11.816,-21.3,6.845,0.42,0.6
Ömnögovi,Bayandalai,43.092427,103.265263,2020,2,-7.862,-21.2,9.483,3.36,4.7
Ömnögovi,Bayandalai,43.092427,103.265263,2020,3,-1.516,-15.3,11.4,1.89,2.9
Ömnögovi,Bayandalai,43.092427,103.265263,2020,4,7.27,-8.8,10.803,0.21,1.4
Ömnögovi,Bayandalai,43.092427,103.265263,2020,5,12.69,1.2,14.132,0.07,14.6
Ömnögovi,Bayandalai,43.092427,103.265263,2020,6,19.23,6.3,13.183,0.0,3.0
Ömnögovi,Bayandalai,43.092427,103.265263,2020,7,21.658,8.6,12.132,0.0,6.3
Ömnögovi,Bayandalai,43.092427,103.265263,2020,8,18.945,8.0,12.768,0.0,23.4
Ömnögovi,Bayandalai,43.092427,103.265263,2020,9,13.74,1.1,11.72,0.0,10.9
Ömnögovi,Bayandalai,43.092427,103.265263,2020,10,1.416,-7.7,10.639,0.42,0.8
Ömnögovi,Bayandalai,43.092427,103.265263,2020,11,-5.57,-21.0,8.14,4.9,6.9
Ömnögovi,Bayandalai,43.092427,103.265263,2020,12,-17.865,-28.4,7.123,0.91,1.4
Ömnögovi,Bayandalai,43.092427,103.265263,2021,1,-15.0,-32.9,10.665,0.07,0.0
Ömnögovi,Bayandalai,43.092427,103.265263,2021,2,-5.329,-22.5,10.268,1.33,1.9
Ömnögovi,Bayandalai,43.092427,103.265263,2021,3,0.506,-13.8,11.3,0.14,0.2
Ömnögovi,Bayandalai,43.092427,103.265263,2021,4,5.937,-7.3,14.027,0.77,14.0
Ömnögovi,Bayandalai,43.092427,103.265263,2021,5,12.365,-3.3,16.39,0.0,5.5
Ömnögovi,Bayandalai,43.092427,103.265263,2021,6,18.23,-0.7,13.177,0.0,9.6
Ömnögovi,Bayandalai,43.092427,103.265263,2021,7,21.294,9.0,12.323,0.0,27.4
Ömnögovi,Bayandalai,43.092427,103.265263,2021,8,17.935,4.1,13.535,0.0,4.7
Ömnögovi,Bayandalai,43.092427,103.265263,2021,9,14.613,1.2,11.333,0.0,9.2
Ömnögovi,Bayandalai,43.092427,103.265263,2021,10,2.913,-6.9,9.103,0.0,3.7
Ömnögovi,Bayandalai,43.092427,103.265263,2021,11,-6.497,-20.7,9.257,2.94,4.1
Ömnögovi,Bayandalai,43.092427,103.265263,2021,12,-12.594,-23.9,7.374,0.35,0.5
Ömnögovi,Bayandalai,43.092427,103.265263,2022,1,-12.713,-21.4,6.761,0.56,0.9
Ömnögovi,Bayandalai,43.092427,103.265263,2022,2,-12.414,-23.9,7.704,2.73,3.9
Ömnögovi,Bayandalai,43.092427,103.265263,2022,3,-0.584,-15.3,13.242,1.05,1.7
Ömnögovi,Bayandalai,43.092427,103.265263,2022,4,6.33,-5.8,15.387,5.95,10.2
Ömnögovi,Bayandalai,43.092427,103.265263,2022,5,13.894,-3.4,14.419,0.28,6.9
Ömnögovi,Bayandalai,43.092427,103.265263,2022,6,20.51,4.8,13.14,0.0,12.1
Ömnögovi,Bayandalai,43.092427,103.265263,2022,7,21.316,8.5,13.006,0.0,18.0
Ömnögovi,Bayandalai,43.092427,103.265263,2022,8,21.016,6.4,12.245,0.0,8.2
Ömnögovi,Bayandalai,43.092427,103.265263,2022,9,15.153,1.2,11.213,0.0,28.5
Ömnögovi,Bayandalai,43.092427,103.265263,2022,10,3.058,-9.1,10.745,0.0,3.4
Ömnögovi,Bayandalai,43.092427,103.265263,2022,11,-5.483,-27.4,9.217,3.57,5.1
Ömnögovi,Bayandalai,43.092427,103.265263,2022,12,-16.01,-24.5,7.884,0.35,0.5
Ömnögovi,Bayandalai,43.092427,103.265263,2023,1,-15.135,-30.2,8.735,1.33,1.9
Ömnögovi,Bayandalai,43.092427,103.265263,2023,2,-7.532,-19.0,7.618,2.45,3.5
Ömnögovi,Bayandalai,43.092427,103.265263,2023,3,-0.068,-13.1,11.429,0.07,0.2
Ömnögovi,Bayandalai,43.092427,103.265263,2023,4,4.433,-8.7,14.513,2.45,5.8
Ömnögovi,Bayandalai,43.092427,103.265263,2023,5,11.761,-0.2,15.655,0.0,15.6
Ömnögovi,Bayandalai,43.092427,103.265263,2023,6,20.45,3.3,12.54,0.0,11.6
Ömnögovi,Bayandalai,43.092427,103.265263,2023,7,22.013,8.6,13.803,0.0,40.5
Ömnögovi,Bayandalai,43.092427,103.265263,2023,8,21.345,9.3,11.884,0.0,9.5
Ömnögovi,Bayandalai,43.092427,103.265263,2023,9,14.16,-2.9,11.7,0.0,19.8
Ömnögovi,Bayandalai,43.092427,103.265263,2023,10,7.226,-3.3,9.335,0.0,0.5
Ömnögovi,Bayandalai,43.092427,103.265263,2023,11,-6.88,-24.1,10.093,1.54,2.2
Ömnögovi,Bayandalai,43.092427,103.265263,2023,12,-13.087,-28.0,7.987,1.47,2.1
Ömnögovi,Bayandalai,43.092427,103.265263,2024,1,-12.839,-25.9,6.21,2.52,3.6
Ömnögovi,Bayandalai,43.092427,103.265263,2024,2,-11.121,-22.8,7.786,1.61,2.5
Ömnögovi,Bayandalai,43.092427,103.265263,2024,3,-0.213,-18.7,11.01,1.19,1.8
Ömnögovi,Bayandalai,43.092427,103.265263,2024,4,6.98,-5.6,13.203,4.55,25.0
Ömnögovi,Bayandalai,43.092427,103.265263,2024,5,16.968,0.7,12.852,0.0,0.9
Ömnögovi,Bayandalai,43.092427,103.265263,2024,6,19.71,7.3,13.047,0.0,18.3
Ömnögovi,Bayandalai,43.092427,103.265263,2024,7,22.11,10.2,9.7,0.0,29.3
Ömnögovi,Bayandalai,43.092427,103.265263,2024,8,20.316,9.3,10.681,0.0,32.8
Ömnögovi,Bayandalai,43.092427,103.265263,2024,9,12.27,-2.7,9.54,1.12,67.4
Ömnögovi,Bayandalai,43.092427,103.265263,2024,10,4.684,-6.1,9.935,3.36,7.2
Ömnögovi,Bayandalai,43.092427,103.265263,2024,11,-3.82,-18.7,8.223,0.91,1.5
Ömnögovi,Bayandalai,43.092427,103.265263,2024,12,-15.361,-24.9,6.787,1.05,1.6
Ömnögovi,Cogt-Cecii,43.771715,105.878711,2015,1,-10.013,-23.6,16.026,0.42,0.2
Ömnögovi,Cogt-Cecii,43.771715,105.878711,2015,2,-8.639,-22.4,16.936,0.21,0.0
Ömnögovi,Cogt-Cecii,43.771715,105.878711,2015,3,-1.932,-18.9,18.974,0.63,0.6
Ömnögovi,Cogt-Cecii,43.771715,105.878711,2015,4,6.443,-13.0,19.467,2.45,3.6
Ömnögovi,Cogt-Cecii,43.771715,105.878711,2015,5,11.942,-3.8,20.097,2.73,5.8
Ömnögovi,Cogt-Cecii,43.771715,105.878711,2015,6,16.563,3.1,17.643,0.42,25.5
Ömnögovi,Cogt-Cecii,43.771715,105.878711,2015,7,20.594,8.2,14.555,0.0,31.7
Ömnögovi,Cogt-Cecii,43.771715,105.878711,2015,8,19.79,7.4,16.697,0.0,8.0
Ömnögovi,Cogt-Cecii,43.771715,105.878711,2015,9,12.527,0.1,17.123,3.22,43.3
Ömnögovi,Cogt-Cecii,43.771715,105.878711,2015,10,5.161,-9.5,17.626,1.33,3.8
Ömnögovi,Cogt-Cecii,43.771715,105.878711,2015,11,-5.05,-22.2,15.56,1.33,1.3
Ömnögovi,Cogt-Cecii,43.771715,105.878711,2015,12,-10.523,-18.3,16.616,1.75,1.4
Ömnögovi,Cogt-Cecii,43.771715,105.878711,2016,1,-18.258,-30.4,15.748,0.42,0.2
Ömnögovi,Cogt-Cecii,43.771715,105.878711,2016,2,-11.024,-23.4,18.014,1.33,1.1
Ömnögovi,Cogt-Cecii,43.771715,105.878711,2016,3,-0.968,-19.4,20.029,0.98,1.9
Ömnögovi,Cogt-Cecii,43.771715,105.878711,2016,4,7.673,-8.0,19.79,0.28,0.5
Ömnögovi,Cogt-Cecii,43.771715,105.878711,2016,5,11.526,-4.0,22.358,2.38,13.3
Ömnögovi,Cogt-Cecii,43.771715,105.878711,2016,6,15.617,5.1,16.6,0.0,70.3
Ömnögovi,Cogt-Cecii,43.771715,105.878711,2016,7,23.168,10.7,15.968,0.0,20.2
Ömnögovi,Cogt-Cecii,43.771715,105.878711,2016,8,22.49,5.6,16.977,0.0,5.4
Ömnögovi,Cogt-Cecii,43.771715,105.878711,2016,9,13.63,-2.7,14.473,0.0,12.8
Ömnögovi,Cogt-Cecii,43.771715,105.878711,2016,10,3.723,-14.3,17.016,1.75,12.1
Ömnögovi,Cogt-Cecii,43.771715,105.878711,2016,11,-5.26,-22.7,19.163,0.63,0.6
Ömnögovi,Cogt-Cecii,43.771715,105.878711,2016,12,-8.945,-22.1,16.335,0.84,0.7
Ömnögovi,Cogt-Cecii,43.771715,105.878711,2017,1,-12.981,-28.6,18.097,0.84,1.4
Ömnögovi,Cogt-Cecii,43.771715,105.878711,2017,2,-8.321,-23.6,17.664,3.92,5.5
Ömnögovi,Cogt-Cecii,43.771715,105.878711,2017,3,-3.732,-13.9,17.565,12.81,19.3
Ömnögovi,Cogt-Cecii,43.771715,105.878711,2017,4,6.577,-3.8,18.343,0.7,2.6
Ömnögovi,Cogt-Cecii,43.771715,105.878711,2017,5,14.603,-6.6,20.839,1.82,7.8
Ömnögovi,Cogt-Cecii,43.771715,105.878711,2017,6,19.393,5.8,17.417,0.0,33.0
Ömnögovi,Cogt-Cecii,43.771715,105.878711,2017,7,22.684,9.2,17.51,0.0,19.6
Ömnögovi,Cogt-Cecii,43.771715,105.878711,2017,8,18.316,6.0,16.832,0.0,20.5
Ömnögovi,Cogt-Cecii,43.771715,105.878711,2017,9,14.143,-3.4,19.093,0.0,1.9
Ömnögovi,Cogt-Cecii,43.771715,105.878711,2017,10,3.7,-11.6,16.368,3.57,5.3
Ömnögovi,Cogt-Cecii,43.771715,105.878711,2017,11,-6.34,-20.3,21.127,0.21,0.3
Ömnögovi,Cogt-Cecii,43.771715,105.878711,2017,12,-11.261,-21.0,18.99,0.63,0.8
Ömnögovi,Cogt-Cecii,43.771715,105.878711,2018,1,-17.674,-33.4,17.819,2.66,3.8
Ömnögovi,Cogt-Cecii,43.771715,105.878711,2018,2,-11.55,-24.2,19.143,0.63,0.9
Ömnögovi,Cogt-Cecii,43.771715,105.878711,2018,3,2.613,-13.9,22.119,1.05,1.7
Ömnögovi,Cogt-Cecii,43.771715,105.878711,2018,4,7.043,-12.1,23.513,3.01,5.7
Ömnögovi,Cogt-Cecii,43.771715,105.878711,2018,5,14.852,-2.9,21.455,1.05,7.9
Ömnögovi,Cogt-Cecii,43.771715,105.878711,2018,6,19.803,4.0,18.46,0.0,1.9
Ömnögovi,Cogt-Cecii,43.771715,105.878711,2018,7,20.626,10.9,17.0,0.0,56.1
Ömnögovi,Cogt-Cecii,43.771715,105.878711,2018,8,18.384,9.6,14.529,0.0,85.1
Ömnögovi,Cogt-Cecii,43.771715,105.878711,2018,9,10.213,-2.5,21.393,0.49,4.7
Ömnögovi,Cogt-Cecii,43.771715,105.878711,2018,10,3.026,-6.7,19.384,0.21,0.3
Ömnögovi,Cogt-Cecii,43.771715,105.878711,2018,11,-5.62,-16.1,18.077,1.61,2.4
Ömnögovi,Cogt-Cecii,43.771715,105.878711,2018,12,-16.587,-30.5,18.548,0.56,0.7
Ömnögovi,Cogt-Cecii,43.771715,105.878711,2019,1,-14.113,-26.0,18.106,0.0,0.0
Ömnögovi,Cogt-Cecii,43.771715,105.878711,2019,2,-14.461,-27.6,14.846,4.76,6.8
Ömnögovi,Cogt-Cecii,43.771715,105.878711,2019,3,-1.771,-13.8,18.287,5.67,8.0
Ömnögovi,Cogt-Cecii,43.771715,105.878711,2019,4,7.397,-5.1,21.953,1.68,5.5
Ömnögovi,Cogt-Cecii,43.771715,105.878711,2019,5,10.077,-6.1,21.552,15.68,31.3
Ömnögovi,Cogt-Cecii,43.771715,105.878711,2019,6,19.247,7.1,19.77,0.0,3.2
Ömnögovi,Cogt-Cecii,43.771715,105.878711,2019,7,21.629,9.9,18.013,0.0,11.4
Ömnögovi,Cogt-Cecii,43.771715,105.878711,2019,8,18.535,7.1,16.468,0.0,21.3
Ömnögovi,Cogt-Cecii,43.771715,105.878711,2019,9,16.317,4.1,17.38,0.0,12.2
Ömnögovi,Cogt-Cecii,43.771715,105.878711,2019,10,2.755,-11.1,18.268,8.75,26.7
Ömnögovi,Cogt-Cecii,43.771715,105.878711,2019,11,-5.01,-19.7,19.153,0.14,0.2
Ömnögovi,Cogt-Cecii,43.771715,105.878711,2019,12,-11.555,-26.6,18.416,0.7,1.0
Ömnögovi,Cogt-Cecii,43.771715,105.878711,2020,1,-10.881,-20.1,14.819,0.28,0.3
Ömnögovi,Cogt-Cecii,43.771715,105.878711,2020,2,-7.331,-20.7,18.166,3.92,5.5
Ömnögovi,Cogt-Cecii,43.771715,105.878711,2020,3,-1.548,-16.9,20.329,1.19,2.2
Ömnögovi,Cogt-Cecii,43.771715,105.878711,2020,4,6.917,-7.8,17.88,0.28,1.0
Ömnögovi,Cogt-Cecii,43.771715,105.878711,2020,5,12.406,-1.4,21.223,2.45,14.2
Ömnögovi,Cogt-Cecii,43.771715,105.878711,2020,6,19.173,7.2,19.337,0.0,5.2
Ömnögovi,Cogt-Cecii,43.771715,105.878711,2020,7,21.571,10.2,16.842,0.0,10.9
Ömnögovi,Cogt-Cecii,43.771715,105.878711,2020,8,17.974,8.9,18.177,0.0,61.2
Ömnögovi,Cogt-Cecii,43.771715,105.878711,2020,9,12.937,0.9,17.933,0.21,10.5
Ömnögovi,Cogt-Cecii,43.771715,105.878711,2020,10,2.135,-7.8,20.281,1.33,1.9
Ömnögovi,Cogt-Cecii,43.771715,105.878711,2020,11,-5.067,-18.5,17.317,3.01,4.3
Ömnögovi,Cogt-Cecii,43.771715,105.878711,2020,12,-16.329,-29.0,17.748,0.63,0.8
Ömnögovi,Cogt-Cecii,43.771715,105.878711,2021,1,-14.29,-31.7,20.477,0.14,0.2
Ömnögovi,Cogt-Cecii,43.771715,105.878711,2021,2,-5.064,-23.9,20.493,2.94,4.2
Ömnögovi,Cogt-Cecii,43.771715,105.878711,2021,3,0.903,-14.4,20.89,0.63,1.0
Ömnögovi,Cogt-Cecii,43.771715,105.878711,2021,4,5.923,-8.9,22.687,1.89,9.4
Ömnögovi,Cogt-Cecii,43.771715,105.878711,2021,5,11.248,-4.8,25.194,1.61,6.0
Ömnögovi,Cogt-Cecii,43.771715,105.878711,2021,6,17.797,0.2,19.603,0.0,13.7
Ömnögovi,Cogt-Cecii,43.771715,105.878711,2021,7,20.113,9.7,15.132,0.0,118.7
Ömnögovi,Cogt-Cecii,43.771715,105.878711,2021,8,16.803,5.1,19.306,0.0,26.2
Ömnögovi,Cogt-Cecii,43.771715,105.878711,2021,9,13.833,0.7,17.957,0.0,24.1
Ömnögovi,Cogt-Cecii,43.771715,105.878711,2021,10,3.061,-9.4,16.455,0.91,3.5
Ömnögovi,Cogt-Cecii,43.771715,105.878711,2021,11,-5.073,-17.5,20.513,3.57,5.1
Ömnögovi,Cogt-Cecii,43.771715,105.878711,2021,12,-10.6,-26.0,18.39,0.35,0.5
Ömnögovi,Cogt-Cecii,43.771715,105.878711,2022,1,-12.584,-21.8,15.135,1.61,2.3
Ömnögovi,Cogt-Cecii,43.771715,105.878711,2022,2,-13.436,-23.7,15.025,3.22,4.7
Ömnögovi,Cogt-Cecii,43.771715,105.878711,2022,3,-1.113,-15.2,22.158,4.34,6.2
Ömnögovi,Cogt-Cecii,43.771715,105.878711,2022,4,5.687,-6.9,22.893,6.51,12.9
Ömnögovi,Cogt-Cecii,43.771715,105.878711,2022,5,12.984,-2.8,19.826,0.14,8.7
Ömnögovi,Cogt-Cecii,43.771715,105.878711,2022,6,19.217,5.2,20.13,0.0,22.7
Ömnögovi,Cogt-Cecii,43.771715,105.878711,2022,7,21.11,10.3,18.545,0.0,15.3
Ömnögovi,Cogt-Cecii,43.771715,105.878711,2022,8,19.5,4.4,19.074,0.0,24.7
Ömnögovi,Cogt-Cecii,43.771715,105.878711,2022,9,15.43,1.1,19.107,0.0,1.7
Ömnögovi,Cogt-Cecii,43.771715,105.878711,2022,10,3.094,-8.4,17.984,1.75,5.2
Ömnögovi,Cogt-Cecii,43.771715,105.878711,2022,11,-4.98,-28.2,18.353,3.43,4.9
Ömnögovi,Cogt-Cecii,43.771715,105.878711,2022,12,-15.648,-26.2,18.865,0.84,1.1
Ömnögovi,Cogt-Cecii,43.771715,105.878711,2023,1,-13.884,-32.8,19.139,2.8,3.9
Ömnögovi,Cogt-Cecii,43.771715,105.878711,2023,2,-7.732,-18.6,15.768,2.45,3.6
Ömnögovi,Cogt-Cecii,43.771715,105.878711,2023,3,-0.171,-16.9,19.4,0.84,1.2
Ömnögovi,Cogt-Cecii,43.771715,105.878711,2023,4,3.827,-13.4,23.51,1.54,4.1
Ömnögovi,Cogt-Cecii,43.771715,105.878711,2023,5,11.332,-1.2,22.09,0.07,33.6
Ömnögovi,Cogt-Cecii,43.771715,105.878711,2023,6,19.997,3.2,17.913,0.0,7.4
Ömnögovi,Cogt-Cecii,43.771715,105.878711,2023,7,20.706,9.7,19.574,0.0,32.5
Ömnögovi,Cogt-Cecii,43.771715,105.878711,2023,8,20.884,8.6,16.7,0.0,5.7
Ömnögovi,Cogt-Cecii,43.771715,105.878711,2023,9,14.49,-0.6,18.18,0.0,8.2
Ömnögovi,Cogt-Cecii,43.771715,105.878711,2023,10,7.732,-1.6,16.397,0.0,0.3
Ömnögovi,Cogt-Cecii,43.771715,105.878711,2023,11,-6.407,-22.3,19.447,4.83,6.7
Ömnögovi,Cogt-Cecii,43.771715,105.878711,2023,12,-13.016,-29.6,19.474,6.02,8.7
Ömnögovi,Cogt-Cecii,43.771715,105.878711,2024,1,-13.958,-30.5,15.394,6.51,9.2
Ömnögovi,Cogt-Cecii,43.771715,105.878711,2024,2,-11.493,-23.6,16.721,2.1,3.0
Ömnögovi,Cogt-Cecii,43.771715,105.878711,2024,3,-0.719,-15.2,19.755,1.12,1.6
Ömnögovi,Cogt-Cecii,43.771715,105.878711,2024,4,7.263,-4.2,21.057,10.43,18.6
Ömnögovi,Cogt-Cecii,43.771715,105.878711,2024,5,16.219,2.0,20.487,0.0,12.2
Ömnögovi,Cogt-Cecii,43.771715,105.878711,2024,6,19.463,6.6,19.66,0.0,20.8
Ömnögovi,Cogt-Cecii,43.771715,105.878711,2024,7,21.968,12.1,15.103,0.0,50.9
Ömnögovi,Cogt-Cecii,43.771715,105.878711,2024,8,19.735,10.1,16.552,0.0,37.6
Ömnögovi,Cogt-Cecii,43.771715,105.878711,2024,9,11.913,-2.8,18.0,9.31,95.9
Ömnögovi,Cogt-Cecii,43.771715,105.878711,2024,10,4.568,-6.2,18.519,0.35,4.3
Ömnögovi,Cogt-Cecii,43.771715,105.878711,2024,11,-2.557,-17.5,18.807,1.61,2.3
Ömnögovi,Cogt-Cecii,43.771715,105.878711,2024,12,-13.552,-22.5,18.268,1.12,1.6
Ömnögovi,Dalanzadgad,43.574898,104.428695,2015,1,-9.284,-21.2,12.026,0.28,0.1
Ömnögovi,Dalanzadgad,43.574898,104.428695,2015,2,-7.654,-22.9,13.296,0.07,0.0
Ömnögovi,Dalanzadgad,43.574898,104.428695,2015,3,-0.613,-17.7,16.087,1.33,1.6
Ömnögovi,Dalanzadgad,43.574898,104.428695,2015,4,7.52,-12.0,15.28,5.74,8.1
Ömnögovi,Dalanzadgad,43.574898,104.428695,2015,5,13.616,-1.3,16.316,2.17,5.8
Ömnögovi,Dalanzadgad,43.574898,104.428695,2015,6,17.717,4.0,14.91,0.0,25.1
Ömnögovi,Dalanzadgad,43.574898,104.428695,2015,7,21.339,7.7,12.835,0.0,42.5
Ömnögovi,Dalanzadgad,43.574898,104.428695,2015,8,20.955,8.5,14.09,0.0,3.9
Ömnögovi,Dalanzadgad,43.574898,104.428695,2015,9,13.703,-0.1,14.147,3.64,27.7
Ömnögovi,Dalanzadgad,43.574898,104.428695,2015,10,6.161,-9.6,13.497,1.47,4.2
Ömnögovi,Dalanzadgad,43.574898,104.428695,2015,11,-3.587,-18.3,11.703,0.42,0.0
Ömnögovi,Dalanzadgad,43.574898,104.428695,2015,12,-8.755,-17.8,12.842,1.68,1.3
Ömnögovi,Dalanzadgad,43.574898,104.428695,2016,1,-16.203,-26.1,11.694,0.42,0.2
Ömnögovi,Dalanzadgad,43.574898,104.428695,2016,2,-9.138,-21.9,14.634,0.35,0.1
Ömnögovi,Dalanzadgad,43.574898,104.428695,2016,3,0.561,-17.7,15.616,1.12,3.0
Ömnögovi,Dalanzadgad,43.574898,104.428695,2016,4,9.32,-5.9,16.09,0.21,0.5
Ömnögovi,Dalanzadgad,43.574898,104.428695,2016,5,12.784,-2.7,18.152,0.63,12.0
Ömnögovi,Dalanzadgad,43.574898,104.428695,2016,6,17.023,5.6,14.197,0.0,66.2
Ömnögovi,Dalanzadgad,43.574898,104.428695,2016,7,23.665,13.0,11.935,0.0,31.9
Ömnögovi,Dalanzadgad,43.574898,104.428695,2016,8,23.642,7.4,12.3,0.0,9.5
Ömnögovi,Dalanzadgad,43.574898,104.428695,2016,9,15.183,-0.4,10.653,0.0,18.4
Ömnögovi,Dalanzadgad,43.574898,104.428695,2016,10,5.158,-13.5,13.958,1.54,8.3
Ömnögovi,Dalanzadgad,43.574898,104.428695,2016,11,-3.867,-21.0,15.43,0.56,0.2
Ömnögovi,Dalanzadgad,43.574898,104.428695,2016,12,-7.894,-20.7,12.21,1.26,0.6
Ömnögovi,Dalanzadgad,43.574898,104.428695,2017,1,-11.732,-27.6,11.413,1.05,1.5
Ömnögovi,Dalanzadgad,43.574898,104.428695,2017,2,-6.029,-20.4,11.85,2.38,3.4
Ömnögovi,Dalanzadgad,43.574898,104.428695,2017,3,-1.135,-11.4,14.49,12.74,22.1
Ömnögovi,Dalanzadgad,43.574898,104.428695,2017,4,9.193,-1.5,16.167,0.0,2.5
Ömnögovi,Dalanzadgad,43.574898,104.428695,2017,5,16.981,-4.5,18.323,0.14,2.0
Ömnögovi,Dalanzadgad,43.574898,104.428695,2017,6,21.643,8.9,15.377,0.0,18.2
Ömnögovi,Dalanzadgad,43.574898,104.428695,2017,7,24.868,11.8,15.565,0.0,16.4
Ömnögovi,Dalanzadgad,43.574898,104.428695,2017,8,20.681,7.2,14.639,0.0,24.0
Ömnögovi,Dalanzadgad,43.574898,104.428695,2017,9,15.92,-3.5,15.533,0.0,2.7
Ömnögovi,Dalanzadgad,43.574898,104.428695,2017,10,5.468,-10.9,12.342,3.15,4.5
Ömnögovi,Dalanzadgad,43.574898,104.428695,2017,11,-4.05,-17.8,12.547,0.35,0.5
Ömnögovi,Dalanzadgad,43.574898,104.428695,2017,12,-9.387,-19.6,11.355,0.14,0.2
Ömnögovi,Dalanzadgad,43.574898,104.428695,2018,1,-16.055,-30.0,11.716,1.68,2.4
Ömnögovi,Dalanzadgad,43.574898,104.428695,2018,2,-8.964,-23.2,13.604,0.49,0.7
Ömnögovi,Dalanzadgad,43.574898,104.428695,2018,3,4.91,-11.6,16.603,1.96,2.8
Ömnögovi,Dalanzadgad,43.574898,104.428695,2018,4,9.627,-9.3,18.86,2.73,9.4
Ömnögovi,Dalanzadgad,43.574898,104.428695,2018,5,17.219,1.5,19.339,0.0,5.2
Ömnögovi,Dalanzadgad,43.574898,104.428695,2018,6,22.013,7.8,16.247,0.0,4.1
Ömnögovi,Dalanzadgad,43.574898,104.428695,2018,7,22.503,11.7,14.781,0.0,55.2
Ömnögovi,Dalanzadgad,43.574898,104.428695,2018,8,20.345,10.1,12.084,0.0,73.5
Ömnögovi,Dalanzadgad,43.574898,104.428695,2018,9,12.187,-1.0,17.687,1.19,9.4
Ömnögovi,Dalanzadgad,43.574898,104.428695,2018,10,5.061,-6.7,13.955,0.0,0.0
Ömnögovi,Dalanzadgad,43.574898,104.428695,2018,11,-3.877,-16.1,9.867,1.96,2.9
Ömnögovi,Dalanzadgad,43.574898,104.428695,2018,12,-15.445,-29.8,11.158,0.14,0.2
Ömnögovi,Dalanzadgad,43.574898,104.428695,2019,1,-12.642,-26.3,10.303,0.14,0.2
Ömnögovi,Dalanzadgad,43.574898,104.428695,2019,2,-12.393,-25.9,10.286,4.2,6.0
Ömnögovi,Dalanzadgad,43.574898,104.428695,2019,3,0.481,-12.6,15.532,3.08,4.5
Ömnögovi,Dalanzadgad,43.574898,104.428695,2019,4,10.413,-3.5,17.33,0.07,3.1
Ömnögovi,Dalanzadgad,43.574898,104.428695,2019,5,12.61,-5.6,18.194,19.04,39.8
Ömnögovi,Dalanzadgad,43.574898,104.428695,2019,6,21.34,9.1,17.53,0.0,5.0
Ömnögovi,Dalanzadgad,43.574898,104.428695,2019,7,23.539,11.8,15.532,0.0,8.5
Ömnögovi,Dalanzadgad,43.574898,104.428695,2019,8,20.719,8.9,14.439,0.0,24.5
Ömnögovi,Dalanzadgad,43.574898,104.428695,2019,9,18.343,3.5,14.397,0.0,11.5
Ömnögovi,Dalanzadgad,43.574898,104.428695,2019,10,5.284,-10.9,13.045,7.98,12.1
Ömnögovi,Dalanzadgad,43.574898,104.428695,2019,11,-3.433,-20.5,11.513,0.56,0.8
Ömnögovi,Dalanzadgad,43.574898,104.428695,2019,12,-9.939,-27.1,9.948,0.91,1.3
Ömnögovi,Dalanzadgad,43.574898,104.428695,2020,1,-9.777,-21.9,9.681,0.84,1.2
Ömnögovi,Dalanzadgad,43.574898,104.428695,2020,2,-5.397,-22.0,11.631,5.67,8.0
Ömnögovi,Dalanzadgad,43.574898,104.428695,2020,3,0.887,-15.6,15.684,3.57,5.2
Ömnögovi,Dalanzadgad,43.574898,104.428695,2020,4,9.4,-7.8,15.743,0.49,1.4
Ömnögovi,Dalanzadgad,43.574898,104.428695,2020,5,14.503,0.9,19.045,3.08,22.4
Ömnögovi,Dalanzadgad,43.574898,104.428695,2020,6,21.343,7.6,17.97,0.0,1.2
Ömnögovi,Dalanzadgad,43.574898,104.428695,2020,7,23.594,12.6,13.968,0.0,14.3
Ömnögovi,Dalanzadgad,43.574898,104.428695,2020,8,20.735,11.0,15.465,0.0,30.7
Ömnögovi,Dalanzadgad,43.574898,104.428695,2020,9,15.277,2.5,14.51,0.0,9.4
Ömnögovi,Dalanzadgad,43.574898,104.428695,2020,10,3.919,-7.0,13.168,0.91,1.2
Ömnögovi,Dalanzadgad,43.574898,104.428695,2020,11,-3.29,-19.2,11.327,3.36,4.8
Ömnögovi,Dalanzadgad,43.574898,104.428695,2020,12,-16.01,-29.1,9.535,0.49,0.7
Ömnögovi,Dalanzadgad,43.574898,104.428695,2021,1,-12.371,-29.2,13.21,0.07,0.1
Ömnögovi,Dalanzadgad,43.574898,104.428695,2021,2,-2.711,-20.8,13.032,1.54,2.3
Ömnögovi,Dalanzadgad,43.574898,104.428695,2021,3,3.068,-12.6,14.852,1.12,1.6
Ömnögovi,Dalanzadgad,43.574898,104.428695,2021,4,8.2,-6.3,19.127,2.66,10.9
Ömnögovi,Dalanzadgad,43.574898,104.428695,2021,5,14.274,-2.5,22.597,0.0,4.6
Ömnögovi,Dalanzadgad,43.574898,104.428695,2021,6,20.113,3.0,17.753,0.0,12.8
Ömnögovi,Dalanzadgad,43.574898,104.428695,2021,7,22.168,11.4,13.148,0.0,73.9
Ömnögovi,Dalanzadgad,43.574898,104.428695,2021,8,19.29,6.8,16.735,0.0,5.7
Ömnögovi,Dalanzadgad,43.574898,104.428695,2021,9,16.343,2.6,15.023,0.0,13.7
Ömnögovi,Dalanzadgad,43.574898,104.428695,2021,10,5.255,-6.6,12.481,0.0,0.8
Ömnögovi,Dalanzadgad,43.574898,104.428695,2021,11,-3.107,-15.9,12.737,4.34,6.2
Ömnögovi,Dalanzadgad,43.574898,104.428695,2021,12,-8.903,-21.9,10.606,1.12,1.5
Ömnögovi,Dalanzadgad,43.574898,104.428695,2022,1,-11.097,-20.0,10.532,1.05,1.5
Ömnögovi,Dalanzadgad,43.574898,104.428695,2022,2,-10.925,-20.3,10.529,4.34,6.2
Ömnögovi,Dalanzadgad,43.574898,104.428695,2022,3,1.306,-12.4,16.29,0.98,1.7
Ömnögovi,Dalanzadgad,43.574898,104.428695,2022,4,8.16,-5.4,19.397,7.21,14.0
Ömnögovi,Dalanzadgad,43.574898,104.428695,2022,5,15.51,-0.4,17.8,0.14,4.9
Ömnögovi,Dalanzadgad,43.574898,104.428695,2022,6,22.113,7.2,17.57,0.0,12.8
Ömnögovi,Dalanzadgad,43.574898,104.428695,2022,7,22.839,11.6,15.519,0.0,19.8
Ömnögovi,Dalanzadgad,43.574898,104.428695,2022,8,22.397,6.6,15.352,0.0,6.8
Ömnögovi,Dalanzadgad,43.574898,104.428695,2022,9,17.467,3.1,15.867,0.49,14.2
Ömnögovi,Dalanzadgad,43.574898,104.428695,2022,10,4.994,-6.8,13.277,5.67,10.5
Ömnögovi,Dalanzadgad,43.574898,104.428695,2022,11,-3.167,-27.4,10.76,3.85,5.5
Ömnögovi,Dalanzadgad,43.574898,104.428695,2022,12,-13.481,-24.2,12.339,0.07,0.1
Ömnögovi,Dalanzadgad,43.574898,104.428695,2023,1,-12.058,-29.7,11.132,2.24,3.1
Ömnögovi,Dalanzadgad,43.574898,104.428695,2023,2,-5.346,-16.5,9.668,4.55,6.4
Ömnögovi,Dalanzadgad,43.574898,104.428695,2023,3,2.206,-14.6,15.245,0.07,0.5
Ömnögovi,Dalanzadgad,43.574898,104.428695,2023,4,6.03,-12.7,19.64,0.98,5.0
Ömnögovi,Dalanzadgad,43.574898,104.428695,2023,5,13.806,0.2,19.177,0.0,7.6
Ömnögovi,Dalanzadgad,43.574898,104.428695,2023,6,22.273,5.0,16.133,0.0,3.6
Ömnögovi,Dalanzadgad,43.574898,104.428695,2023,7,23.158,11.9,16.803,0.0,51.6
Ömnögovi,Dalanzadgad,43.574898,104.428695,2023,8,23.316,10.6,13.684,0.0,1.7
Ömnögovi,Dalanzadgad,43.574898,104.428695,2023,9,16.363,-0.2,14.227,0.0,9.1
Ömnögovi,Dalanzadgad,43.574898,104.428695,2023,10,9.658,-0.2,11.384,0.07,1.7
Ömnögovi,Dalanzadgad,43.574898,104.428695,2023,11,-4.08,-19.4,13.867,3.29,4.7
Ömnögovi,Dalanzadgad,43.574898,104.428695,2023,12,-11.003,-26.4,12.926,4.48,6.4
Ömnögovi,Dalanzadgad,43.574898,104.428695,2024,1,-11.7,-22.1,10.326,3.85,5.6
Ömnögovi,Dalanzadgad,43.574898,104.428695,2024,2,-10.028,-22.9,12.9,1.89,2.5
Ömnögovi,Dalanzadgad,43.574898,104.428695,2024,3,1.71,-13.9,14.258,0.63,1.4
Ömnögovi,Dalanzadgad,43.574898,104.428695,2024,4,9.237,-1.6,17.673,7.56,26.3
Ömnögovi,Dalanzadgad,43.574898,104.428695,2024,5,18.861,5.9,16.287,0.0,5.9
Ömnögovi,Dalanzadgad,43.574898,104.428695,2024,6,21.643,9.8,16.387,0.0,15.3
Ömnögovi,Dalanzadgad,43.574898,104.428695,2024,7,23.587,13.8,12.158,0.0,51.5
Ömnögovi,Dalanzadgad,43.574898,104.428695,2024,8,20.848,11.2,13.69,0.0,91.1
Ömnögovi,Dalanzadgad,43.574898,104.428695,2024,9,13.63,-0.4,13.7,8.12,81.6
Ömnögovi,Dalanzadgad,43.574898,104.428695,2024,10,6.768,-4.2,11.997,0.56,2.7
Ömnögovi,Dalanzadgad,43.574898,104.428695,2024,11,-1.01,-14.9,11.087,0.63,0.9
Ömnögovi,Dalanzadgad,43.574898,104.428695,2024,12,-11.552,-21.0,9.877,0.49,0.7
Ömnögovi,Noyon,42.775896,102.372763,2015,1,-8.781,-18.9,12.781,0.0,0.0
Ömnögovi,Noyon,42.775896,102.372763,2015,2,-5.964,-19.5,14.932,0.0,0.0
Ömnögovi,Noyon,42.775896,102.372763,2015,3,1.529,-14.5,18.606,0.28,0.1
Ömnögovi,Noyon,42.775896,102.372763,2015,4,9.183,-8.1,15.12,12.11,20.4
Ömnögovi,Noyon,42.775896,102.372763,2015,5,16.368,0.3,19.155,0.0,1.5
Ömnögovi,Noyon,42.775896,102.372763,2015,6,21.0,7.9,18.17,0.0,7.9
Ömnögovi,Noyon,42.775896,102.372763,2015,7,24.01,9.8,16.171,0.0,14.2
Ömnögovi,Noyon,42.775896,102.372763,2015,8,23.261,9.4,17.526,0.0,1.6
Ömnögovi,Noyon,42.775896,102.372763,2015,9,15.13,3.3,16.14,0.0,29.9
Ömnögovi,Noyon,42.775896,102.372763,2015,10,8.01,-7.3,14.471,0.0,2.3
Ömnögovi,Noyon,42.775896,102.372763,2015,11,-1.783,-16.3,12.16,3.78,4.3
Ömnögovi,Noyon,42.775896,102.372763,2015,12,-8.661,-19.3,12.755,0.49,0.7
Ömnögovi,Noyon,42.775896,102.372763,2016,1,-13.697,-24.5,12.645,0.84,0.5
Ömnögovi,Noyon,42.775896,102.372763,2016,2,-7.117,-21.2,13.776,0.0,0.1
Ömnögovi,Noyon,42.775896,102.372763,2016,3,2.648,-16.3,17.671,0.0,0.7
Ömnögovi,Noyon,42.775896,102.372763,2016,4,11.883,-2.7,19.157,0.0,0.1
Ömnögovi,Noyon,42.775896,102.372763,2016,5,15.09,-1.1,17.813,0.0,4.1
Ömnögovi,Noyon,42.775896,102.372763,2016,6,20.443,8.8,18.3,0.0,23.2
Ömnögovi,Noyon,42.775896,102.372763,2016,7,26.5,13.9,15.755,0.0,5.7
Ömnögovi,Noyon,42.775896,102.372763,2016,8,25.358,11.3,15.361,0.0,12.0
Ömnögovi,Noyon,42.775896,102.372763,2016,9,18.223,2.1,14.457,0.0,5.4
Ömnögovi,Noyon,42.775896,102.372763,2016,10,7.071,-12.4,16.048,0.07,0.9
Ömnögovi,Noyon,42.775896,102.372763,2016,11,-2.737,-19.7,16.26,0.07,0.0
Ömnögovi,Noyon,42.775896,102.372763,2016,12,-7.226,-18.5,11.59,0.7,0.4
Ömnögovi,Noyon,42.775896,102.372763,2017,1,-11.445,-23.8,14.429,0.56,0.8
Ömnögovi,Noyon,42.775896,102.372763,2017,2,-4.893,-17.8,14.129,2.03,3.1
Ömnögovi,Noyon,42.775896,102.372763,2017,3,0.765,-9.3,17.116,3.92,20.1
Ömnögovi,Noyon,42.775896,102.372763,2017,4,11.197,0.1,17.593,0.0,2.7
Ömnögovi,Noyon,42.775896,102.372763,2017,5,18.123,-4.8,20.716,0.21,7.2
Ömnögovi,Noyon,42.775896,102.372763,2017,6,23.57,11.1,17.69,0.0,4.2
Ömnögovi,Noyon,42.775896,102.372763,2017,7,26.158,13.5,17.49,0.0,8.1
Ömnögovi,Noyon,42.775896,102.372763,2017,8,22.597,9.5,16.152,0.0,13.0
Ömnögovi,Noyon,42.775896,102.372763,2017,9,17.343,1.2,16.76,0.0,5.5
Ömnögovi,Noyon,42.775896,102.372763,2017,10,6.474,-10.6,14.426,0.14,0.3
Ömnögovi,Noyon,42.775896,102.372763,2017,11,-3.667,-15.6,16.73,0.0,0.0
Ömnögovi,Noyon,42.775896,102.372763,2017,12,-9.977,-20.2,13.465,0.0,0.0
Ömnögovi,Noyon,42.775896,102.372763,2018,1,-15.135,-26.3,15.435,1.61,2.4
Ömnögovi,Noyon,42.775896,102.372763,2018,2,-8.036,-23.4,15.411,0.0,0.0
Ömnögovi,Noyon,42.775896,102.372763,2018,3,6.216,-8.7,19.31,1.26,4.4
Ömnögovi,Noyon,42.775896,102.372763,2018,4,11.56,-10.1,19.483,0.42,3.5
Ömnögovi,Noyon,42.775896,102.372763,2018,5,17.619,3.5,18.232,0.0,6.8
Ömnögovi,Noyon,42.775896,102.372763,2018,6,24.043,8.4,16.787,0.0,1.1
Ömnögovi,Noyon,42.775896,102.372763,2018,7,24.768,14.1,17.861,0.0,49.6
Ömnögovi,Noyon,42.775896,102.372763,2018,8,22.832,11.8,14.626,0.0,29.3
Ömnögovi,Noyon,42.775896,102.372763,2018,9,13.877,0.0,16.59,0.0,6.9
Ömnögovi,Noyon,42.775896,102.372763,2018,10,6.126,-5.8,15.777,0.0,1.8
Ömnögovi,Noyon,42.775896,102.372763,2018,11,-4.103,-15.5,15.41,0.77,1.3
Ömnögovi,Noyon,42.775896,102.372763,2018,12,-15.616,-28.0,14.894,1.05,1.4
Ömnögovi,Noyon,42.775896,102.372763,2019,1,-12.752,-21.8,13.461,0.0,0.0
Ömnögovi,Noyon,42.775896,102.372763,2019,2,-9.954,-21.5,15.068,1.96,2.8
Ömnögovi,Noyon,42.775896,102.372763,2019,3,2.081,-10.4,15.384,1.68,2.4
Ömnögovi,Noyon,42.775896,102.372763,2019,4,12.583,-1.7,17.603,3.57,6.9
Ömnögovi,Noyon,42.775896,102.372763,2019,5,14.69,-2.0,19.5,0.28,6.3
Ömnögovi,Noyon,42.775896,102.372763,2019,6,22.193,11.2,18.6,0.0,36.9
Ömnögovi,Noyon,42.775896,102.372763,2019,7,24.545,15.0,17.245,0.0,16.1
Ömnögovi,Noyon,42.775896,102.372763,2019,8,22.658,13.1,14.952,0.0,19.2
Ömnögovi,Noyon,42.775896,102.372763,2019,9,19.163,6.2,14.243,0.0,5.1
Ömnögovi,Noyon,42.775896,102.372763,2019,10,6.855,-7.8,16.406,0.56,2.2
Ömnögovi,Noyon,42.775896,102.372763,2019,11,-2.463,-16.8,17.237,0.0,0.0
Ömnögovi,Noyon,42.775896,102.372763,2019,12,-9.613,-23.5,14.542,0.0,0.0
Ömnögovi,Noyon,42.775896,102.372763,2020,1,-9.235,-20.0,12.961,0.56,0.8
Ömnögovi,Noyon,42.775896,102.372763,2020,2,-4.59,-18.0,14.776,2.52,3.6
Ömnögovi,Noyon,42.775896,102.372763,2020,3,2.181,-12.9,18.065,1.26,2.1
Ömnögovi,Noyon,42.775896,102.372763,2020,4,10.863,-5.5,15.667,0.07,0.2
Ömnögovi,Noyon,42.775896,102.372763,2020,5,16.758,5.1,19.49,0.0,7.5
Ömnögovi,Noyon,42.775896,102.372763,2020,6,22.953,11.0,17.483,0.0,2.7
Ömnögovi,Noyon,42.775896,102.372763,2020,7,25.49,13.7,16.935,0.0,5.7
Ömnögovi,Noyon,42.775896,102.372763,2020,8,22.765,10.1,18.113,0.0,8.8
Ömnögovi,Noyon,42.775896,102.372763,2020,9,17.273,4.1,15.98,0.0,7.9
Ömnögovi,Noyon,42.775896,102.372763,2020,10,4.59,-5.7,16.487,0.0,0.2
Ömnögovi,Noyon,42.775896,102.372763,2020,11,-2.813,-19.0,13.9,4.2,6.7
Ömnögovi,Noyon,42.775896,102.372763,2020,12,-16.555,-27.0,14.152,0.35,0.5
Ömnögovi,Noyon,42.775896,102.372763,2021,1,-12.229,-27.0,17.694,0.07,0.1
Ömnögovi,Noyon,42.775896,102.372763,2021,2,-1.793,-18.1,18.321,0.28,0.4
Ömnögovi,Noyon,42.775896,102.372763,2021,3,3.948,-11.1,16.739,0.0,0.0
Ömnögovi,Noyon,42.775896,102.372763,2021,4,9.537,-3.8,18.973,1.47,7.9
Ömnögovi,Noyon,42.775896,102.372763,2021,5,16.635,0.9,21.768,0.07,2.0
Ömnögovi,Noyon,42.775896,102.372763,2021,6,21.99,4.7,18.313,0.0,5.1
Ömnögovi,Noyon,42.775896,102.372763,2021,7,25.19,12.4,17.655,0.0,12.3
Ömnögovi,Noyon,42.775896,102.372763,2021,8,21.645,7.6,18.103,0.0,4.0
Ömnögovi,Noyon,42.775896,102.372763,2021,9,17.91,5.0,15.383,0.0,10.7
Ömnögovi,Noyon,42.775896,102.372763,2021,10,6.294,-4.3,13.832,0.0,1.0
Ömnögovi,Noyon,42.775896,102.372763,2021,11,-3.967,-16.8,15.23,3.43,4.7
Ömnögovi,Noyon,42.775896,102.372763,2021,12,-10.019,-23.2,13.455,0.0,0.0
Ömnögovi,Noyon,42.775896,102.372763,2022,1,-9.997,-21.0,12.529,0.07,0.1
Ömnögovi,Noyon,42.775896,102.372763,2022,2,-8.996,-20.2,14.025,2.59,3.7
Ömnögovi,Noyon,42.775896,102.372763,2022,3,3.226,-11.7,19.871,0.42,1.0
Ömnögovi,Noyon,42.775896,102.372763,2022,4,10.073,-4.1,21.023,1.54,5.1
Ömnögovi,Noyon,42.775896,102.372763,2022,5,17.7,1.3,20.765,0.35,3.6
Ömnögovi,Noyon,42.775896,102.372763,2022,6,24.423,8.2,18.24,0.0,8.7
Ömnögovi,Noyon,42.775896,102.372763,2022,7,25.158,10.9,18.587,0.0,9.8
Ömnögovi,Noyon,42.775896,102.372763,2022,8,24.219,9.6,15.61,0.0,6.6
Ömnögovi,Noyon,42.775896,102.372763,2022,9,18.643,4.7,15.82,0.0,3.2
Ömnögovi,Noyon,42.775896,102.372763,2022,10,6.171,-8.8,16.561,0.0,6.4
Ömnögovi,Noyon,42.775896,102.372763,2022,11,-2.677,-25.7,15.603,0.98,1.6
Ömnögovi,Noyon,42.775896,102.372763,2022,12,-13.326,-21.8,13.858,0.49,0.6
Ömnögovi,Noyon,42.775896,102.372763,2023,1,-12.332,-27.3,15.468,2.38,3.3
Ömnögovi,Noyon,42.775896,102.372763,2023,2,-4.157,-14.4,12.975,1.12,1.6
Ömnögovi,Noyon,42.775896,102.372763,2023,3,3.426,-10.6,17.723,0.0,0.0
Ömnögovi,Noyon,42.775896,102.372763,2023,4,8.28,-5.8,20.87,4.48,8.1
Ömnögovi,Noyon,42.775896,102.372763,2023,5,15.6,3.7,22.155,0.0,19.4
Ömnögovi,Noyon,42.775896,102.372763,2023,6,24.26,7.7,17.307,0.0,4.9
Ömnögovi,Noyon,42.775896,102.372763,2023,7,25.765,11.4,19.032,0.0,21.9
Ömnögovi,Noyon,42.775896,102.372763,2023,8,25.013,12.4,17.723,0.0,7.4
Ömnögovi,Noyon,42.775896,102.372763,2023,9,17.653,-0.5,17.437,0.0,10.3
Ömnögovi,Noyon,42.775896,102.372763,2023,10,10.697,1.0,15.687,0.0,0.2
Ömnögovi,Noyon,42.775896,102.372763,2023,11,-3.677,-18.4,17.69,0.07,0.2
Ömnögovi,Noyon,42.775896,102.372763,2023,12,-10.487,-25.4,15.906,1.33,1.9
Ömnögovi,Noyon,42.775896,102.372763,2024,1,-10.49,-22.5,13.916,1.61,2.3
Ömnögovi,Noyon,42.775896,102.372763,2024,2,-8.103,-21.9,15.062,1.47,2.1
Ömnögovi,Noyon,42.775896,102.372763,2024,3,3.503,-14.1,17.226,1.12,2.0
Ömnögovi,Noyon,42.775896,102.372763,2024,4,10.787,-0.2,19.47,2.38,25.7
Ömnögovi,Noyon,42.775896,102.372763,2024,5,20.861,4.1,18.003,0.0,0.8
Ömnögovi,Noyon,42.775896,102.372763,2024,6,23.593,11.8,17.953,0.0,11.0
Ömnögovi,Noyon,42.775896,102.372763,2024,7,25.79,14.6,15.01,0.0,21.8
Ömnögovi,Noyon,42.775896,102.372763,2024,8,23.923,13.4,15.919,0.0,21.3
Ömnögovi,Noyon,42.775896,102.372763,2024,9,15.527,0.4,14.35,0.0,53.4
Ömnögovi,Noyon,42.775896,102.372763,2024,10,8.677,-2.9,16.165,0.14,2.8
Ömnögovi,Noyon,42.775896,102.372763,2024,11,-0.59,-15.1,13.52,0.49,0.7
Ömnögovi,Noyon,42.775896,102.372763,2024,12,-11.49,-20.1,13.332,0.7,1.0
Ömnögovi,Xanxongor,43.641231,104.636477,2015,1,-9.235,-21.7,10.616,0.21,0.0
Ömnögovi,Xanxongor,43.641231,104.636477,2015,2,-7.507,-22.2,13.146,0.35,0.0
Ömnögovi,Xanxongor,43.641231,104.636477,2015,3,-0.552,-18.0,16.026,0.77,1.0
Ömnögovi,Xanxongor,43.641231,104.636477,2015,4,7.69,-11.5,16.23,3.43,5.1
Ömnögovi,Xanxongor,43.641231,104.636477,2015,5,13.729,-1.5,17.555,1.75,4.5
Ömnögovi,Xanxongor,43.641231,104.636477,2015,6,18.08,4.4,15.717,0.28,20.4
Ömnögovi,Xanxongor,43.641231,104.636477,2015,7,21.577,7.2,13.752,0.0,38.8
Ömnögovi,Xanxongor,43.641231,104.636477,2015,8,21.061,8.4,14.768,0.0,4.8
Ömnögovi,Xanxongor,43.641231,104.636477,2015,9,13.743,-0.8,14.737,3.92,28.4
Ömnögovi,Xanxongor,43.641231,104.636477,2015,10,6.139,-8.9,13.823,1.19,2.9
Ömnögovi,Xanxongor,43.641231,104.636477,2015,11,-3.46,-18.9,11.247,0.84,0.5
Ömnögovi,Xanxongor,43.641231,104.636477,2015,12,-8.935,-19.3,11.306,1.96,1.7
Ömnögovi,Xanxongor,43.641231,104.636477,2016,1,-16.255,-26.3,11.89,0.28,0.0
Ömnögovi,Xanxongor,43.641231,104.636477,2016,2,-9.141,-22.4,14.317,0.35,0.3
Ömnögovi,Xanxongor,43.641231,104.636477,2016,3,0.606,-17.7,16.0,0.84,2.4
Ömnögovi,Xanxongor,43.641231,104.636477,2016,4,9.26,-7.2,17.077,0.35,0.2
Ömnögovi,Xanxongor,43.641231,104.636477,2016,5,12.994,-2.5,19.252,0.21,11.5
Ömnögovi,Xanxongor,43.641231,104.636477,2016,6,17.34,5.6,14.963,0.0,59.2
Ömnögovi,Xanxongor,43.641231,104.636477,2016,7,24.11,13.2,12.923,0.0,16.3
Ömnögovi,Xanxongor,43.641231,104.636477,2016,8,23.897,7.0,13.652,0.0,4.3
Ömnögovi,Xanxongor,43.641231,104.636477,2016,9,15.293,-0.4,12.1,0.0,14.0
Ömnögovi,Xanxongor,43.641231,104.636477,2016,10,5.213,-13.2,13.923,0.14,11.1
Ömnögovi,Xanxongor,43.641231,104.636477,2016,11,-3.747,-20.7,14.46,0.56,0.1
Ömnögovi,Xanxongor,43.641231,104.636477,2016,12,-7.816,-20.6,10.406,0.77,0.6
Ömnögovi,Xanxongor,43.641231,104.636477,2017,1,-12.871,-28.1,10.868,0.91,1.3
Ömnögovi,Xanxongor,43.641231,104.636477,2017,2,-6.879,-22.9,10.789,2.24,3.5
Ömnögovi,Xanxongor,43.641231,104.636477,2017,3,-1.432,-13.4,12.871,9.1,14.5
Ömnögovi,Xanxongor,43.641231,104.636477,2017,4,8.45,-3.0,14.08,0.21,2.9
Ömnögovi,Xanxongor,43.641231,104.636477,2017,5,16.387,-5.0,16.145,0.14,3.4
Ömnögovi,Xanxongor,43.641231,104.636477,2017,6,21.417,7.9,13.647,0.0,14.5
Ömnögovi,Xanxongor,43.641231,104.636477,2017,7,24.694,11.4,13.306,0.0,15.1
Ömnögovi,Xanxongor,43.641231,104.636477,2017,8,20.352,6.8,12.694,0.0,29.6
Ömnögovi,Xanxongor,43.641231,104.636477,2017,9,15.463,-3.7,13.857,0.0,2.8
Ömnögovi,Xanxongor,43.641231,104.636477,2017,10,4.806,-12.2,10.819,2.17,3.4
Ömnögovi,Xanxongor,43.641231,104.636477,2017,11,-5.063,-18.8,12.84,0.35,0.5
Ömnögovi,Xanxongor,43.641231,104.636477,2017,12,-10.619,-20.7,11.19,0.35,0.5
Ömnögovi,Xanxongor,43.641231,104.636477,2018,1,-16.716,-31.0,11.203,1.4,1.9
Ömnögovi,Xanxongor,43.641231,104.636477,2018,2,-9.764,-25.1,12.543,0.35,0.5
Ömnögovi,Xanxongor,43.641231,104.636477,2018,3,4.49,-11.8,14.394,1.61,2.4
Ömnögovi,Xanxongor,43.641231,104.636477,2018,4,9.147,-9.6,16.783,2.31,8.2
Ömnögovi,Xanxongor,43.641231,104.636477,2018,5,16.81,-0.1,17.255,0.0,6.1
Ömnögovi,Xanxongor,43.641231,104.636477,2018,6,21.82,5.9,14.553,0.0,0.8
Ömnögovi,Xanxongor,43.641231,104.636477,2018,7,22.329,11.2,13.2,0.0,49.9
Ömnögovi,Xanxongor,43.641231,104.636477,2018,8,20.116,9.2,10.206,0.0,58.7
Ömnögovi,Xanxongor,43.641231,104.636477,2018,9,11.67,-1.5,15.703,0.07,8.8
Ömnögovi,Xanxongor,43.641231,104.636477,2018,10,4.206,-7.3,12.813,0.0,0.0
Ömnögovi,Xanxongor,43.641231,104.636477,2018,11,-4.553,-17.8,10.7,1.61,2.5
Ömnögovi,Xanxongor,43.641231,104.636477,2018,12,-16.448,-31.0,10.819,0.0,0.0
Ömnögovi,Xanxongor,43.641231,104.636477,2019,1,-14.1,-27.4,9.694,0.0,0.0
Ömnögovi,Xanxongor,43.641231,104.636477,2019,2,-13.354,-26.3,9.264,3.71,5.6
Ömnögovi,Xanxongor,43.641231,104.636477,2019,3,-0.019,-12.4,13.613,2.8,4.0
Ömnögovi,Xanxongor,43.641231,104.636477,2019,4,9.927,-3.8,15.903,0.14,1.3
Ömnögovi,Xanxongor,43.641231,104.636477,2019,5,12.523,-5.3,16.535,12.95,31.2
Ömnögovi,Xanxongor,43.641231,104.636477,2019,6,21.343,7.6,16.133,0.0,5.2
Ömnögovi,Xanxongor,43.641231,104.636477,2019,7,23.439,11.8,14.023,0.0,8.3
Ömnögovi,Xanxongor,43.641231,104.636477,2019,8,20.435,9.3,12.481,0.0,21.5
Ömnögovi,Xanxongor,43.641231,104.636477,2019,9,17.807,3.6,12.553,0.0,10.3
Ömnögovi,Xanxongor,43.641231,104.636477,2019,10,4.616,-11.6,11.671,6.58,10.0
Ömnögovi,Xanxongor,43.641231,104.636477,2019,11,-4.067,-21.4,11.29,0.98,1.3
Ömnögovi,Xanxongor,43.641231,104.636477,2019,12,-11.31,-28.5,10.094,0.63,0.9
Ömnögovi,Xanxongor,43.641231,104.636477,2020,1,-11.145,-24.0,8.629,0.63,0.8
Ömnögovi,Xanxongor,43.641231,104.636477,2020,2,-6.359,-20.8,10.914,3.99,5.8
Ömnögovi,Xanxongor,43.641231,104.636477,2020,3,0.339,-15.2,14.184,2.52,3.7
Ömnögovi,Xanxongor,43.641231,104.636477,2020,4,8.82,-7.2,13.287,0.28,1.4
Ömnögovi,Xanxongor,43.641231,104.636477,2020,5,14.261,0.6,16.513,3.22,25.5
Ömnögovi,Xanxongor,43.641231,104.636477,2020,6,21.16,7.7,16.713,0.0,2.3
Ömnögovi,Xanxongor,43.641231,104.636477,2020,7,23.365,12.2,12.739,0.0,10.6
Ömnögovi,Xanxongor,43.641231,104.636477,2020,8,20.535,10.8,13.935,0.0,31.6
Ömnögovi,Xanxongor,43.641231,104.636477,2020,9,14.867,0.8,13.333,0.0,9.3
Ömnögovi,Xanxongor,43.641231,104.636477,2020,10,3.052,-7.1,12.477,0.77,1.3
Ömnögovi,Xanxongor,43.641231,104.636477,2020,11,-4.273,-20.4,10.653,2.94,4.2
Ömnögovi,Xanxongor,43.641231,104.636477,2020,12,-18.194,-31.8,8.69,0.35,0.4
Ömnögovi,Xanxongor,43.641231,104.636477,2021,1,-13.645,-30.8,12.861,0.0,0.0
Ömnögovi,Xanxongor,43.641231,104.636477,2021,2,-3.675,-21.8,12.164,1.19,1.7
Ömnögovi,Xanxongor,43.641231,104.636477,2021,3,2.332,-13.1,13.719,0.56,0.8
Ömnögovi,Xanxongor,43.641231,104.636477,2021,4,7.95,-6.5,17.04,2.8,11.2
Ömnögovi,Xanxongor,43.641231,104.636477,2021,5,14.029,-2.0,20.352,0.0,3.6
Ömnögovi,Xanxongor,43.641231,104.636477,2021,6,19.913,2.5,15.593,0.0,13.9
Ömnögovi,Xanxongor,43.641231,104.636477,2021,7,22.055,9.9,12.355,0.0,71.5
Ömnögovi,Xanxongor,43.641231,104.636477,2021,8,19.035,5.9,14.955,0.0,9.3
Ömnögovi,Xanxongor,43.641231,104.636477,2021,9,15.933,2.3,13.133,0.0,12.3
Ömnögovi,Xanxongor,43.641231,104.636477,2021,10,4.455,-6.7,11.7,0.0,0.4
Ömnögovi,Xanxongor,43.641231,104.636477,2021,11,-4.053,-18.0,12.217,3.57,5.1
Ömnögovi,Xanxongor,43.641231,104.636477,2021,12,-10.448,-23.3,10.41,0.84,1.2
Ömnögovi,Xanxongor,43.641231,104.636477,2022,1,-12.135,-22.4,9.116,0.77,1.0
Ömnögovi,Xanxongor,43.641231,104.636477,2022,2,-11.868,-23.9,9.161,2.66,3.8
Ömnögovi,Xanxongor,43.641231,104.636477,2022,3,0.823,-16.6,15.571,0.84,2.0
Ömnögovi,Xanxongor,43.641231,104.636477,2022,4,7.647,-5.8,17.103,8.26,15.8
Ömnögovi,Xanxongor,43.641231,104.636477,2022,5,15.161,-0.6,15.568,0.07,4.1
Ömnögovi,Xanxongor,43.641231,104.636477,2022,6,21.833,7.3,15.92,0.0,8.2
Ömnögovi,Xanxongor,43.641231,104.636477,2022,7,22.687,11.2,14.048,0.0,30.2
Ömnögovi,Xanxongor,43.641231,104.636477,2022,8,22.442,5.8,14.49,0.0,7.0
Ömnögovi,Xanxongor,43.641231,104.636477,2022,9,17.0,2.3,13.713,0.0,6.7
Ömnögovi,Xanxongor,43.641231,104.636477,2022,10,4.184,-8.1,12.3,12.11,19.4
Ömnögovi,Xanxongor,43.641231,104.636477,2022,11,-3.797,-27.5,10.483,3.43,4.8
Ömnögovi,Xanxongor,43.641231,104.636477,2022,12,-14.442,-25.6,11.765,0.07,0.1
Ömnögovi,Xanxongor,43.641231,104.636477,2023,1,-13.316,-30.2,10.842,1.68,2.5
Ömnögovi,Xanxongor,43.641231,104.636477,2023,2,-5.921,-17.6,9.511,3.29,4.7
Ömnögovi,Xanxongor,43.641231,104.636477,2023,3,1.4,-13.7,13.032,0.28,1.3
Ömnögovi,Xanxongor,43.641231,104.636477,2023,4,5.843,-11.1,17.9,0.63,2.7
Ömnögovi,Xanxongor,43.641231,104.636477,2023,5,13.577,-0.4,17.848,0.0,8.6
Ömnögovi,Xanxongor,43.641231,104.636477,2023,6,22.087,5.1,14.437,0.0,2.8
Ömnögovi,Xanxongor,43.641231,104.636477,2023,7,22.997,10.4,15.61,0.0,52.6
Ömnögovi,Xanxongor,43.641231,104.636477,2023,8,23.074,10.4,13.023,0.0,2.1
Ömnögovi,Xanxongor,43.641231,104.636477,2023,9,16.08,0.3,13.797,0.0,11.7
Ömnögovi,Xanxongor,43.641231,104.636477,2023,10,8.771,-1.9,10.884,0.0,0.3
Ömnögovi,Xanxongor,43.641231,104.636477,2023,11,-4.657,-18.8,13.36,2.1,3.2
Ömnögovi,Xanxongor,43.641231,104.636477,2023,12,-11.755,-28.4,12.035,4.13,5.9
Ömnögovi,Xanxongor,43.641231,104.636477,2024,1,-12.5,-24.1,9.626,3.99,5.7
Ömnögovi,Xanxongor,43.641231,104.636477,2024,2,-10.234,-21.1,11.045,0.84,1.2
Ömnögovi,Xanxongor,43.641231,104.636477,2024,3,0.955,-18.1,13.413,0.28,0.7
Ömnögovi,Xanxongor,43.641231,104.636477,2024,4,9.033,-3.0,16.073,6.79,21.9
Ömnögovi,Xanxongor,43.641231,104.636477,2024,5,18.429,4.4,15.261,0.0,5.1
Ömnögovi,Xanxongor,43.641231,104.636477,2024,6,21.553,10.0,15.483,0.0,15.2
Ömnögovi,Xanxongor,43.641231,104.636477,2024,7,23.448,12.6,11.426,0.0,42.7
Ömnögovi,Xanxongor,43.641231,104.636477,2024,8,20.832,10.6,12.774,0.0,102.5
Ömnögovi,Xanxongor,43.641231,104.636477,2024,9,13.54,-1.0,13.28,6.44,81.6
Ömnögovi,Xanxongor,43.641231,104.636477,2024,10,6.345,-4.8,11.658,0.0,0.8
Ömnögovi,Xanxongor,43.641231,104.636477,2024,11,-1.9,-16.1,12.433,0.49,1.0
Ömnögovi,Xanxongor,43.641231,104.636477,2024,12,-12.623,-21.9,11.49,0.7,0.8
